,20150FARI-Blue Rockfish-2009,ParentProject,Project,uniqueID,StationCode,StationName,LocationCode,CommonName,FinalID,mercury_tissue_name,mercury_tissue_prep,MatrixDisplay,mercury_analyte,mercury_result_type,mercury_result,mercury_unit,SampleYear,Region,TargetLatitude,TargetLongitude,moisture_tissue_name,moisture_tissue_prep,moisture_analyte,moisture_result_type,moisture_result,moisture_unit
1,Surface Water Ambient Monitoring Program,SWAMP Sportfish Coastal Zones,Statewide Coast Sportfish Contamination Study 2009,20150FARI-Blue Rockfish-2009,20150FARI,Farallon Islands,NA,Blue Rockfish,Sebastes mystinus,fillet,Skin off,tissue,"Mercury, Total",Average of Individuals,0.040333,ug/g ww,2009,2,37.70235815,-123.0300293,NA,NA,NA,NA,NA,NA
2,Surface Water Ambient Monitoring Program,SWAMP Sportfish Coastal Zones,Statewide Coast Sportfish Contamination Study 2009,20150FARI-Olive Rockfish-2009,20150FARI,Farallon Islands,NA,Olive Rockfish,Sebastes serranoides,fillet,Skin off,tissue,"Mercury, Total",Average of Individuals,0.144333,ug/g ww,2009,2,37.70235815,-123.0300293,NA,NA,NA,NA,NA,NA
3,Surface Water Ambient Monitoring Program,SWAMP Sportfish Coastal Zones,Statewide Coast Sportfish Contamination Study 2009,20151SMAC-Barred Surfperch-2009,20151SMAC,Southern Marin Coast,NA,Barred Surfperch,Amphistichus argenteus,fillet,Skin off,tissue,"Mercury, Total",Average of Individuals,0.1445,ug/g ww,2009,2,37.888443,-122.720843,fillet,Skin off,"Moisture, Total",Average of Individuals,78.4275,%
4,Surface Water Ambient Monitoring Program,SWAMP Sportfish Coastal Zones,Statewide Coast Sportfish Contamination Study 2020,20152TBAY-Leopard shark-2020,20152TBAY,Tomales Bay,NA,Leopard shark,Triakis semifasciata,fillet,Skin off,tissue,"Mercury, Total",Average of Individuals,1.727778,ug/g ww,2020,2,38.187871,-122.927284,NA,NA,NA,NA,NA,NA
5,Surface Water Ambient Monitoring Program,SWAMP Sportfish Coastal Zones,Statewide Coast Sportfish Contamination Study 2020,20152TBAY-Pacific Common Thresher Shark-2020,20152TBAY,Tomales Bay,NA,Pacific Common Thresher Shark,Alopias vulpinus,fillet,Skin off,tissue,"Mercury, Total",Average of Individuals,0.106667,ug/g ww,2020,2,38.187871,-122.927284,NA,NA,NA,NA,NA,NA
6,Surface Water Ambient Monitoring Program,SWAMP Sportfish Coastal Zones,Statewide Coast Sportfish Contamination Study 2009,20152TBAY-Shiner Surfperch-2009,20152TBAY,Tomales Bay,NA,Shiner Surfperch,Cymatogaster aggregata,fillet,Skin off,tissue,"Mercury, Total",Average of Individuals,0.1065,ug/g ww,2009,2,38.187871,-122.927284,NA,NA,NA,NA,NA,NA
7,Surface Water Ambient Monitoring Program,SWAMP Sportfish Coastal Zones,Statewide Coast Sportfish Contamination Study 2009,20152TBAY-White Surfperch-2009,20152TBAY,Tomales Bay,NA,White Surfperch,Phanerodon furcatus,fillet,Skin off,tissue,"Mercury, Total",Average of Individuals,0.0437,ug/g ww,2009,2,38.187871,-122.927284,NA,NA,NA,NA,NA,NA
8,Surface Water Ambient Monitoring Program,SWAMP Sportfish Coastal Zones,Statewide Coast Sportfish Contamination Study 2009,20153NMRC-Blue Rockfish-2009,20153NMRC,Northern Marin Coast,NA,Blue Rockfish,Sebastes mystinus,fillet,Skin off,tissue,"Mercury, Total",Average of Individuals,0.060667,ug/g ww,2009,2,38.21325308,-122.9961377,NA,NA,NA,NA,NA,NA
9,Surface Water Ambient Monitoring Program,SWAMP Sportfish Coastal Zones,Statewide Coast Sportfish Contamination Study 2009,20153NMRC-Olive Rockfish-2009,20153NMRC,Northern Marin Coast,NA,Olive Rockfish,Sebastes serranoides,fillet,Skin off,tissue,"Mercury, Total",Average of Individuals,0.0423,ug/g ww,2009,2,38.21325308,-122.9961377,NA,NA,NA,NA,NA,NA
10,Surface Water Ambient Monitoring Program,SWAMP Sportfish Contamination in Lakes and Resrv,SWB Monitoring of Lk_Res 2016,201ALPELK-Largemouth Bass-2016,201ALPELK,Alpine Lake,NA,Largemouth Bass,Micropterus salmoides,fillet,Skin off,tissue,"Mercury, Total",Average of 350 mm Length-Adjusted,0.518607,ug/g ww,2016,2,37.94945,-122.62845,fillet,Skin off,"Moisture, Total",Average of Individuals,79.19,%
11,Surface Water Ambient Monitoring Program,SWAMP Sportfish Contamination in Lakes and Resrv,SWB Monitoring of Lk_Res 2016,201KENTLK-Largemouth Bass-2016,201KENTLK,Kent Lake,NA,Largemouth Bass,Micropterus salmoides,fillet,Skin off,tissue,"Mercury, Total",Average of 350 mm Length-Adjusted,0.547156,ug/g ww,2016,2,37.98381,-122.69343,fillet,Skin off,"Moisture, Total",Average of Individuals,79.472727,%
12,Surface Water Ambient Monitoring Program,SWAMP Sportfish Contamination in Lakes and Resrv,Statewide Lakes Sportfish Contamination Study 2007,201PBT189-Largemouth Bass-2007,201PBT189,Bon Tempe Lake_BOG,L1,Largemouth Bass,Micropterus salmoides,fillet,Skin off,tissue,"Mercury, Total",Average of 350 mm Length-Adjusted L1,0.317795,ug/g ww,2007,2,37.95301,-122.60579,fillet,Skin off,"Moisture, Total",Average of Individuals L1,77.96,%
13,Surface Water Ambient Monitoring Program,SWAMP Sportfish Contamination in Lakes and Resrv,SWB Long-Term Monitoring of Bass Lk_Res 2023,201PBT189-Largemouth Bass-2023,201PBT189,Bon Tempe Lake_BOG,NA,Largemouth Bass,Micropterus salmoides,fillet,Skin off,tissue,"Mercury, Total",Average of 350 mm Length-Adjusted,0.285794,ug/g ww,2023,2,37.95301,-122.60579,fillet,Skin off,"Moisture, Total",Average of Individuals,79.037857,%
14,Surface Water Ambient Monitoring Program,SWAMP Sportfish Contamination in Lakes and Resrv,Statewide Lakes Sportfish Contamination Study 2008,201PNL105-Largemouth Bass-2008,201PNL105,Nicasio Lake,L1,Largemouth Bass,Micropterus salmoides,fillet,Skin off,tissue,"Mercury, Total",Average of 350 mm Length-Adjusted L1,0.484414,ug/g ww,2008,2,38.07682,-122.73043,fillet,Skin off,"Moisture, Total",Average of Individuals L1,79.6775,%
15,Surface Water Ambient Monitoring Program,SWAMP Sportfish Contamination in Lakes and Resrv,SWB Long-Term Monitoring of Bass Lk_Res 2017,201PNL105-Largemouth Bass-2017,201PNL105,Nicasio Lake,NA,Largemouth Bass,Micropterus salmoides,fillet,Skin off,tissue,"Mercury, Total",Average of 350 mm Length-Adjusted,0.415562,ug/g ww,2017,2,38.07682,-122.73043,fillet,Skin off,"Moisture, Total",Average of Individuals,80.074545,%
16,Surface Water Ambient Monitoring Program,SWAMP Sportfish Contamination in Lakes and Resrv,SWB Long-Term Monitoring of Bass Lk_Res 2021,201PSL093-Black Crappie-2021,201PSL093,Soulejoule Lake,NA,Black Crappie,Pomoxis nigromaculatus,fillet,Skin off,tissue,"Mercury, Total",Average of Individuals,0.9986,ug/g ww,2021,2,38.14734508,-122.7778744,fillet,Skin off,"Moisture, Total",Average of Individuals,80.337,%
17,Surface Water Ambient Monitoring Program,SWAMP Sportfish Contamination in Lakes and Resrv,Statewide Lakes Sportfish Contamination Study 2007,201PSL093-Largemouth Bass-2007,201PSL093,Soulejoule Lake,L1,Largemouth Bass,Micropterus salmoides,fillet,Skin off,tissue,"Mercury, Total",Average of 350 mm Length-Adjusted L1,1.034211,ug/g ww,2007,2,38.14734508,-122.7778744,fillet,Skin off,"Moisture, Total",Average of Individuals L1,78.20875,%
18,Surface Water Ambient Monitoring Program,SWAMP Sportfish Contamination in Lakes and Resrv,SWB Long-Term Monitoring of Bass Lk_Res 2021,201PSL093-Largemouth Bass-2021,201PSL093,Soulejoule Lake,NA,Largemouth Bass,Micropterus salmoides,fillet,Skin off,tissue,"Mercury, Total",Average of 350 mm Length-Adjusted,1.813638,ug/g ww,2021,2,38.14734508,-122.7778744,fillet,Skin off,"Moisture, Total",Average of Individuals,79.019286,%
19,Surface Water Ambient Monitoring Program,SWAMP Sportfish Coastal Zones,Statewide Coast Sportfish Contamination Study 2009,20246PPTH-Black Perch-2009,20246PPTH,Pillar Point Harbor,NA,Black Perch,Embiotoca jacksoni,fillet,Skin off,tissue,"Mercury, Total",Average of Individuals,0.0605,ug/g ww,2009,2,37.501376,-122.4783349,NA,NA,NA,NA,NA,NA
20,Surface Water Ambient Monitoring Program,SWAMP Sportfish Coastal Zones,Statewide Coast Sportfish Contamination Study 2020,20246PPTH-California Halibut-2020,20246PPTH,Pillar Point Harbor,NA,California Halibut,Paralichthys californicus,fillet,Skin off,tissue,"Mercury, Total",Average of Individuals,0.073,ug/g ww,2020,2,37.501376,-122.4783349,NA,NA,NA,NA,NA,NA
21,Surface Water Ambient Monitoring Program,SWAMP Sportfish Coastal Zones,Statewide Coast Sportfish Contamination Study 2009,20246PPTH-Shiner Surfperch-2009,20246PPTH,Pillar Point Harbor,NA,Shiner Surfperch,Cymatogaster aggregata,fillet,Skin off,tissue,"Mercury, Total",Average of Individuals,0.064444,ug/g ww,2009,2,37.501376,-122.4783349,NA,NA,NA,NA,NA,NA
22,Surface Water Ambient Monitoring Program,SWAMP Sportfish Coastal Zones,Statewide Coast Sportfish Contamination Study 2009,20246PPTH-White Surfperch-2009,20246PPTH,Pillar Point Harbor,NA,White Surfperch,Phanerodon furcatus,fillet,Skin off,tissue,"Mercury, Total",Average of Individuals,0.067429,ug/g ww,2009,2,37.501376,-122.4783349,NA,NA,NA,NA,NA,NA
23,Surface Water Ambient Monitoring Program,SWAMP Sportfish Coastal Zones,Statewide Coast Sportfish Contamination Study 2009,20247HMBC-Barred Surfperch-2009,20247HMBC,Half Moon Bay Coast,NA,Barred Surfperch,Amphistichus argenteus,fillet,Skin off,tissue,"Mercury, Total",Average of Individuals,0.1986,ug/g ww,2009,2,37.32042,-122.53064,fillet,Skin off,"Moisture, Total",Average of Individuals,78.446,%
24,Surface Water Ambient Monitoring Program,SWAMP Sportfish Coastal Zones,Statewide Coast Sportfish Contamination Study 2009,20247HMBC-Blue Rockfish-2009,20247HMBC,Half Moon Bay Coast,NA,Blue Rockfish,Sebastes mystinus,fillet,Skin off,tissue,"Mercury, Total",Average of Individuals,0.074333,ug/g ww,2009,2,37.32042,-122.53064,fillet,Skin off,"Moisture, Total",Average of Individuals,76.691667,%
25,Surface Water Ambient Monitoring Program,SWAMP Sportfish Coastal Zones,Statewide Coast Sportfish Contamination Study 2010,20247HMBC-Blue Rockfish-2010,20247HMBC,Half Moon Bay Coast,NA,Blue Rockfish,Sebastes mystinus,fillet,Skin off,tissue,"Mercury, Total",Average of Individuals,0.07,ug/g ww,2010,2,37.32042,-122.53064,fillet,Skin off,"Moisture, Total",Average of Individuals,77.2,%
26,Surface Water Ambient Monitoring Program,SWAMP Sportfish Coastal Zones,Statewide Coast Sportfish Contamination Study 2020,20247HMBC-Brown Rockfish-2020,20247HMBC,Half Moon Bay Coast,NA,Brown Rockfish,Sebastes auriculatus,fillet,Skin off,tissue,"Mercury, Total",Average of Individuals,0.2209,ug/g ww,2020,2,37.32042,-122.53064,fillet,Skin off,"Moisture, Total",Average of Individuals,77.948,%
27,Surface Water Ambient Monitoring Program,SWAMP Sportfish Coastal Zones,Statewide Coast Sportfish Contamination Study 2020,20247HMBC-Yellowtail Rockfish-2020,20247HMBC,Half Moon Bay Coast,NA,Yellowtail Rockfish,Sebastes flavidus,fillet,Skin off,tissue,"Mercury, Total",Average of Individuals,0.0565,ug/g ww,2020,2,37.32042,-122.53064,fillet,Skin off,"Moisture, Total",Average of Individuals,76.065,%
28,Surface Water Ambient Monitoring Program,SWAMP Sportfish Coastal Zones,Statewide Coast Sportfish Contamination Study 2009,20248PACC-Blue Rockfish-2009,20248PACC,Pacifica Coast,NA,Blue Rockfish,Sebastes mystinus,fillet,Skin off,tissue,"Mercury, Total",Average of Individuals,0.083333,ug/g ww,2009,2,37.60257954,-122.5360977,NA,NA,NA,NA,NA,NA
29,Surface Water Ambient Monitoring Program,SWAMP Sportfish Coastal Zones,Statewide Coast Sportfish Contamination Study 2009,20249SSFC-Barred Surfperch-2009,20249SSFC,San Francisco Coast,NA,Barred Surfperch,Amphistichus argenteus,fillet,Skin off,tissue,"Mercury, Total",Average of Individuals,0.1362,ug/g ww,2009,2,37.7364655,-122.5181055,NA,NA,NA,NA,NA,NA
30,Surface Water Ambient Monitoring Program,SWAMP Sportfish Contamination in Lakes and Resrv,Statewide Lakes Sportfish Low Contam. Study 2014,202LKMRCD-Largemouth Bass-2014,202LKMRCD,Lake Merced,NA,Largemouth Bass,Micropterus salmoides,fillet,Skin off,tissue,"Mercury, Total",Average of 350 mm Length-Adjusted,0.389108,ug/g ww,2014,2,37.72728,-122.497184,fillet,Skin off,"Moisture, Total",Average of Individuals,79.08,%
31,Surface Water Ambient Monitoring Program,SWAMP Sportfish Contamination in Lakes and Resrv,Statewide Lakes Sportfish Low Contam. Study 2014,202LKMRCD-Rainbow Trout-2014,202LKMRCD,Lake Merced,NA,Rainbow Trout,Oncorhynchus mykiss,fillet,Skin off,tissue,"Mercury, Total",Average of Individuals,0.0231,ug/g ww,2014,2,37.72728,-122.497184,fillet,Skin off,"Moisture, Total",Average of Individuals,77.2,%
32,Surface Water Ambient Monitoring Program,SWAMP Sportfish Contamination in Lakes and Resrv,SWB Monitoring of Lk_Res 2016,203TEMLAK-Largemouth Bass-2016,203TEMLAK,Lake Temescal,NA,Largemouth Bass,Micropterus salmoides,fillet,Skin off,tissue,"Mercury, Total",Average of 350 mm Length-Adjusted,0.301394,ug/g ww,2016,2,37.846406,-122.230386,fillet,Skin off,"Moisture, Total",Average of Individuals,78.833636,%
33,Surface Water Ambient Monitoring Program,SWAMP Sportfish Contamination in Lakes and Resrv,Statewide Lakes Sportfish Contamination Study 2008,204PDV169-Largemouth Bass-2008,204PDV169,Lake del Valle,L1,Largemouth Bass,Micropterus salmoides,fillet,Skin off,tissue,"Mercury, Total",Average of 350 mm Length-Adjusted L1,0.539166,ug/g ww,2008,2,37.58954,-121.71446,fillet,Skin off,"Moisture, Total",Average of Individuals L1,78.7,%
34,Surface Water Ambient Monitoring Program,SWAMP Sportfish Contamination in Lakes and Resrv,SWB Long-Term Monitoring of Bass Lk_Res 2021,204PDV169-Largemouth Bass-2021,204PDV169,Lake del Valle,NA,Largemouth Bass,Micropterus salmoides,fillet,Skin off,tissue,"Mercury, Total",Average of 350 mm Length-Adjusted,0.595912,ug/g ww,2021,2,37.58954,-121.71446,fillet,Skin off,"Moisture, Total",Average of Individuals,78.971429,%
35,Surface Water Ambient Monitoring Program,SWAMP Sportfish Contamination in Lakes and Resrv,Statewide Lakes Sportfish Contamination Study 2008,204PSC113-Largemouth Bass-2008,204PSC113,Shadow Cliffs Reservoir_BOG,L1,Largemouth Bass,Micropterus salmoides,fillet,Skin off,tissue,"Mercury, Total",Average of 350 mm Length-Adjusted L1,0.379901,ug/g ww,2008,2,37.66963,-121.83581,fillet,Skin off,"Moisture, Total",Average of Individuals L1,77.365455,%
36,Surface Water Ambient Monitoring Program,SWAMP Sportfish Contamination in Lakes and Resrv,SWB Long-Term Monitoring of Bass Lk_Res 2021,204PSC113-Largemouth Bass-2021,204PSC113,Shadow Cliffs Reservoir_BOG,NA,Largemouth Bass,Micropterus salmoides,fillet,Skin off,tissue,"Mercury, Total",Average of 350 mm Length-Adjusted,0.42843,ug/g ww,2021,2,37.66963,-121.83581,fillet,Skin off,"Moisture, Total",Average of Individuals,79.099375,%
37,Surface Water Ambient Monitoring Program,SWAMP Sportfish Contamination in Lakes and Resrv,Statewide Lakes Sportfish Contamination Study 2007,204TC0114-Largemouth Bass-2007,204TC0114,Lower Crystal Springs Reserv,L1,Largemouth Bass,Micropterus salmoides,fillet,Skin off,tissue,"Mercury, Total",Average of 350 mm Length-Adjusted L1,0.75531,ug/g ww,2007,2,37.53133,-122.3713,fillet,Skin off,"Moisture, Total",Average of Individuals L1,78.727273,%
38,Surface Water Ambient Monitoring Program,SWAMP Sportfish Contamination in Lakes and Resrv,SWB Long-Term Monitoring of Bass Lk_Res 2021,204TC0114-Largemouth Bass-2021,204TC0114,Lower Crystal Springs Reserv,NA,Largemouth Bass,Micropterus salmoides,fillet,Skin off,tissue,"Mercury, Total",Average of 350 mm Length-Adjusted,0.468369,ug/g ww,2021,2,37.53133,-122.3713,fillet,Skin off,"Moisture, Total",Average of Individuals,78.475714,%
39,Surface Water Ambient Monitoring Program,SWAMP Sportfish Contamination in Lakes and Resrv,Statewide Lakes Sportfish Contamination Study 2007,204TC0122-Largemouth Bass-2007,204TC0122,Calaveras Reservoir,L1,Largemouth Bass,Micropterus salmoides,fillet,Skin off,tissue,"Mercury, Total",Average of 350 mm Length-Adjusted L1,0.762519,ug/g ww,2007,2,37.47051,-121.82042,fillet,Skin off,"Moisture, Total",Average of Individuals L1,79.761818,%
40,Surface Water Ambient Monitoring Program,SWAMP Sportfish Contamination in Lakes and Resrv,SWB Long-Term Monitoring of Bass Lk_Res 2019,204TC0122-Largemouth Bass-2019,204TC0122,Calaveras Reservoir,L1,Largemouth Bass,Micropterus salmoides,fillet,Skin off,tissue,"Mercury, Total",Average of 350 mm Length-Adjusted L1,1.018057,ug/g ww,2019,2,37.47051,-121.82042,fillet,Skin off,"Moisture, Total",Average of Individuals L1,78.334286,%
41,Surface Water Ambient Monitoring Program,SWAMP Sportfish Contamination in Lakes and Resrv,SWB Long-Term Monitoring of Bass Lk_Res 2019,204TC0122-Largemouth Bass-2019,204TC0122,Calaveras Reservoir,L2,Largemouth Bass,Micropterus salmoides,fillet,Skin off,tissue,"Mercury, Total",Average of 350 mm Length-Adjusted L2,0.918871,ug/g ww,2019,2,37.47051,-121.82042,fillet,Skin off,"Moisture, Total",Average of Individuals L2,76.567857,%
42,Surface Water Ambient Monitoring Program,SWAMP Sportfish Contamination in Lakes and Resrv,Statewide Lakes Sportfish Contamination Study 2007,204TC0122-Largemouth Bass-2007,204TC0122,Calaveras Reservoir,L2,Largemouth Bass,Micropterus salmoides,fillet,Skin off,tissue,"Mercury, Total",Average of Individuals >=305 mm L2,0.396182,ug/g ww,2007,2,37.47051,-121.82042,fillet,Skin off,"Moisture, Total",Average of Individuals L2,79.401818,%
43,Surface Water Ambient Monitoring Program,SWAMP Sportfish Contamination in Lakes and Resrv,Statewide Lakes Sportfish Contamination Study 2007,204TC0514-Largemouth Bass-2007,204TC0514,Lake Chabot (San Leandro)_BOG,L1,Largemouth Bass,Micropterus salmoides,fillet,Skin off,tissue,"Mercury, Total",Average of Individuals >=305 mm L1,0.542429,ug/g ww,2007,2,37.72062,-122.10636,fillet,Skin off,"Moisture, Total",Average of Individuals L1,77.939091,%
44,Surface Water Ambient Monitoring Program,SWAMP Sportfish Contamination in Lakes and Resrv,SWB Long-Term Monitoring of Bass Lk_Res 2019,204TC0514-Largemouth Bass-2019,204TC0514,Lake Chabot (San Leandro)_BOG,NA,Largemouth Bass,Micropterus salmoides,fillet,Skin off,tissue,"Mercury, Total",Average of 350 mm Length-Adjusted,0.934413,ug/g ww,2019,2,37.72062,-122.10636,fillet,Skin off,"Moisture, Total",Average of Individuals,78.544286,%
45,Surface Water Ambient Monitoring Program,SWAMP Sportfish Contamination in Lakes and Resrv,Statewide Lakes Sportfish Contamination Study 2007,204TL0138-Largemouth Bass-2007,204TL0138,Upper San Leandro Reservoir,L1,Largemouth Bass,Micropterus salmoides,fillet,Skin off,tissue,"Mercury, Total",Average of Individuals >=305 mm L1,1.144,ug/g ww,2007,2,37.77606,-122.11748,fillet,Skin off,"Moisture, Total",Average of Individuals L1,78.979091,%
46,Surface Water Ambient Monitoring Program,SWAMP Sportfish Contamination in Lakes and Resrv,SWB Long-Term Monitoring of Bass Lk_Res 2017,204TL0138-Largemouth Bass-2017,204TL0138,Upper San Leandro Reservoir,NA,Largemouth Bass,Micropterus salmoides,fillet,Skin off,tissue,"Mercury, Total",Average of 350 mm Length-Adjusted,0.843724,ug/g ww,2017,2,37.77606,-122.11748,fillet,Skin off,"Moisture, Total",Average of Individuals,79.424545,%
47,Surface Water Ambient Monitoring Program,SWAMP Sportfish Contamination in Lakes and Resrv,SWB Long-Term Monitoring of Bass Lk_Res 2019,205ALMDNR-Largemouth Bass-2019,205ALMDNR,Almaden Reservoir,NA,Largemouth Bass,Micropterus salmoides,fillet,Skin off,tissue,"Mercury, Total",Average of 350 mm Length-Adjusted,2.711049,ug/g ww,2019,2,37.16245,-121.83106,fillet,Skin off,"Moisture, Total",Average of Individuals,77.81,%
48,Surface Water Ambient Monitoring Program,SWAMP Sportfish Contamination in Lakes and Resrv,SWB Long-Term Monitoring of Bass Lk_Res 2019,205ALMDNR-Redear Sunfish-2019,205ALMDNR,Almaden Reservoir,NA,Redear Sunfish,Lepomis microlophus,fillet,Skin off,tissue,"Mercury, Total",Average of Individuals,1.11425,ug/g ww,2019,2,37.16245,-121.83106,fillet,Skin off,"Moisture, Total",Average of Individuals,81.53,%
49,Surface Water Ambient Monitoring Program,SWAMP Sportfish Contamination in Lakes and Resrv,Statewide Lakes Sportfish Contamination Study 2007,205PAD016-Largemouth Bass-2007,205PAD016,Anderson Lake_BOG,L1,Largemouth Bass,Micropterus salmoides,fillet,Skin off,tissue,"Mercury, Total",Average of 350 mm Length-Adjusted L1,0.971322,ug/g ww,2007,2,37.16265,-121.61243,fillet,Skin off,"Moisture, Total",Average of Individuals L1,78.451818,%
50,Surface Water Ambient Monitoring Program,SWAMP Sportfish Contamination in Lakes and Resrv,Statewide Lakes Sportfish Contamination Study 2008,205PAL221-Largemouth Bass-2008,205PAL221,Almaden Lake,L1,Largemouth Bass,Micropterus salmoides,fillet,Skin off,tissue,"Mercury, Total",Average of 350 mm Length-Adjusted L1,2.193198,ug/g ww,2008,2,37.241,-121.87131,fillet,Skin off,"Moisture, Total",Average of Individuals L1,78.711818,%
51,Surface Water Ambient Monitoring Program,SWAMP Sportfish Contamination in Lakes and Resrv,SWB Long-Term Monitoring of Bass Lk_Res 2017,205PCL212-Black Crappie-2017,205PCL212,Coyote Lake,NA,Black Crappie,Pomoxis nigromaculatus,fillet,Skin off,tissue,"Mercury, Total",Average of Individuals,0.647,ug/g ww,2017,2,37.09221,-121.53711,fillet,Skin off,"Moisture, Total",Average of Individuals,80.89,%
52,Surface Water Ambient Monitoring Program,SWAMP Sportfish Contamination in Lakes and Resrv,Statewide Lakes Sportfish Contamination Study 2008,205PCL212-Largemouth Bass-2008,205PCL212,Coyote Lake,L1,Largemouth Bass,Micropterus salmoides,fillet,Skin off,tissue,"Mercury, Total",Average of 350 mm Length-Adjusted L1,0.744178,ug/g ww,2008,2,37.09221,-121.53711,fillet,Skin off,"Moisture, Total",Average of Individuals L1,74.82,%
53,Surface Water Ambient Monitoring Program,SWAMP Sportfish Contamination in Lakes and Resrv,SWB Monitoring of Lk_Res 2016,205PCL212-Largemouth Bass-2016,205PCL212,Coyote Lake,NA,Largemouth Bass,Micropterus salmoides,fillet,Skin off,tissue,"Mercury, Total",Average of 350 mm Length-Adjusted,0.67339,ug/g ww,2016,2,37.09221,-121.53711,fillet,Skin off,"Moisture, Total",Average of Individuals,78.100909,%
54,Surface Water Ambient Monitoring Program,SWAMP Sportfish Contamination in Lakes and Resrv,SWB Long-Term Monitoring of Bass Lk_Res 2017,205PCL212-Largemouth Bass-2017,205PCL212,Coyote Lake,NA,Largemouth Bass,Micropterus salmoides,fillet,Skin off,tissue,"Mercury, Total",Average of 350 mm Length-Adjusted,0.818776,ug/g ww,2017,2,37.09221,-121.53711,fillet,Skin off,"Moisture, Total",Average of Individuals,80.344545,%
55,Surface Water Ambient Monitoring Program,SWAMP Sportfish Contamination in Lakes and Resrv,Statewide Lakes Sportfish Contamination Study 2008,205PCR128-Largemouth Bass-2008,205PCR128,Calero Reservoir,L1,Largemouth Bass,Micropterus salmoides,fillet,Skin off,tissue,"Mercury, Total",Average of 350 mm Length-Adjusted L1,1.104615,ug/g ww,2008,2,37.17839,-121.77731,fillet,Skin off,"Moisture, Total",Average of Individuals L1,76.796875,%
56,Surface Water Ambient Monitoring Program,SWAMP Sportfish Contamination in Lakes and Resrv,SWB Long-Term Monitoring of Bass Lk_Res 2021,205PCR128-Largemouth Bass-2021,205PCR128,Calero Reservoir,NA,Largemouth Bass,Micropterus salmoides,fillet,Skin off,tissue,"Mercury, Total",Average of 350 mm Length-Adjusted,0.501138,ug/g ww,2021,2,37.17839,-121.77731,fillet,Skin off,"Moisture, Total",Average of Individuals,78.64,%
57,Surface Water Ambient Monitoring Program,SWAMP Sportfish Contamination in Lakes and Resrv,SWB Long-Term Monitoring of Bass Lk_Res 2019,205PLR144-Largemouth Bass-2019,205PLR144,Lexington Reservoir_BOG,NA,Largemouth Bass,Micropterus salmoides,fillet,Skin off,tissue,"Mercury, Total",Average of 350 mm Length-Adjusted,0.552534,ug/g ww,2019,2,37.17349,-121.9856,fillet,Skin off,"Moisture, Total",Average of Individuals,77.470833,%
58,Surface Water Ambient Monitoring Program,SWAMP Sportfish Contamination in Lakes and Resrv,SWB Long-Term Monitoring of Bass Lk_Res 2019,205PLR144-Spotted Bass-2019,205PLR144,Lexington Reservoir_BOG,NA,Spotted Bass,Micropterus punctulatus,fillet,Skin off,tissue,"Mercury, Total",Average of 350 mm Length-Adjusted,0.702961,ug/g ww,2019,2,37.17349,-121.9856,fillet,Skin off,"Moisture, Total",Average of Individuals,77.085714,%
59,Surface Water Ambient Monitoring Program,SWAMP Sportfish Contamination in Lakes and Resrv,Statewide Lakes Sportfish Contamination Study 2008,205PLV218-Largemouth Bass-2008,205PLV218,Lake Vasona,L1,Largemouth Bass,Micropterus salmoides,fillet,Skin off,tissue,"Mercury, Total",Average of Individuals >=305 mm L1,0.179125,ug/g ww,2008,2,37.2439,-121.96902,fillet,Skin off,"Moisture, Total",Average of Individuals L1,78.727273,%
60,Surface Water Ambient Monitoring Program,SWAMP Sportfish Contamination in Lakes and Resrv,SWB Long-Term Monitoring of Bass Lk_Res 2015,205PLV218-Largemouth Bass-2015,205PLV218,Lake Vasona,NA,Largemouth Bass,Micropterus salmoides,fillet,Skin off,tissue,"Mercury, Total",Average of 350 mm Length-Adjusted,0.139382,ug/g ww,2015,2,37.2439,-121.96902,fillet,Skin off,"Moisture, Total",Average of Individuals,78.492727,%
61,Surface Water Ambient Monitoring Program,SWAMP Sportfish Contamination in Lakes and Resrv,Statewide Lakes Sportfish Contamination Study 2007,205PSC048-Largemouth Bass-2007,205PSC048,Stevens Creek Reservoir,L1,Largemouth Bass,Micropterus salmoides,fillet,Skin off,tissue,"Mercury, Total",Average of 350 mm Length-Adjusted L1,0.756086,ug/g ww,2007,2,37.2958,-122.0789,fillet,Skin off,"Moisture, Total",Average of Individuals L1,78.029091,%
62,Surface Water Ambient Monitoring Program,SWAMP Sportfish Contamination in Lakes and Resrv,SWB Long-Term Monitoring of Bass Lk_Res 2019,205PSC048-Largemouth Bass-2019,205PSC048,Stevens Creek Reservoir,NA,Largemouth Bass,Micropterus salmoides,fillet,Skin off,tissue,"Mercury, Total",Average of Individuals >=305 mm,0.74,ug/g ww,2019,2,37.2958,-122.0789,fillet,Skin off,"Moisture, Total",Average of Individuals,78.495,%
63,Surface Water Ambient Monitoring Program,SWAMP Sportfish Contamination in Lakes and Resrv,SWB Long-Term Monitoring of Bass Lk_Res 2019,205ST0538-Bluegill-2019,205ST0538,Guadalupe Reservoir-205ST0538,NA,Bluegill,Lepomis macrochirus,fillet,Skin off,tissue,"Mercury, Total",Average of Individuals,1.0344,ug/g ww,2019,2,37.1925,-121.8727,fillet,Skin off,"Moisture, Total",Average of Individuals,79.296,%
64,Surface Water Ambient Monitoring Program,SWAMP Sportfish Contamination in Lakes and Resrv,SWB Long-Term Monitoring of Bass Lk_Res 2019,205ST0538-Largemouth Bass-2019,205ST0538,Guadalupe Reservoir-205ST0538,NA,Largemouth Bass,Micropterus salmoides,fillet,Skin off,tissue,"Mercury, Total",Average of 350 mm Length-Adjusted,4.275,ug/g ww,2019,2,37.1925,-121.8727,fillet,Skin off,"Moisture, Total",Average of Individuals,78.014,%
65,Surface Water Ambient Monitoring Program,SWAMP Sportfish Contamination in Lakes and Resrv,SWB Long-Term Monitoring of Bass Lk_Res 2019,205ST0538-Rainbow Trout-2019,205ST0538,Guadalupe Reservoir-205ST0538,NA,Rainbow Trout,Oncorhynchus mykiss,fillet,Skin off,tissue,"Mercury, Total",Average of Individuals,3.815,ug/g ww,2019,2,37.1925,-121.8727,fillet,Skin off,"Moisture, Total",Average of Individuals,77.58,%
66,Surface Water Ambient Monitoring Program,SWAMP Sportfish Contamination in Lakes and Resrv,Statewide Lakes Sportfish Contamination Study 2007,205TU0132-Largemouth Bass-2007,205TU0132,Oiger Quarry Ponds,L1,Largemouth Bass,Micropterus salmoides,fillet,Skin off,tissue,"Mercury, Total",Average of 350 mm Length-Adjusted L1,0.407893,ug/g ww,2007,2,37.18304,-121.69343,fillet,Skin off,"Moisture, Total",Average of Individuals L1,79.291818,%
67,Surface Water Ambient Monitoring Program,SWAMP Sportfish Contamination in Lakes and Resrv,SWB Long-Term Monitoring of Bass Lk_Res 2019,205TU0132-Largemouth Bass-2019,205TU0132,Oiger Quarry Ponds,NA,Largemouth Bass,Micropterus salmoides,fillet,Skin off,tissue,"Mercury, Total",Average of 350 mm Length-Adjusted,0.457476,ug/g ww,2019,2,37.18304,-121.69343,fillet,Skin off,"Moisture, Total",Average of Individuals,78.688571,%
68,Surface Water Ambient Monitoring Program,SWAMP Wildlife Contamination in Lakes and Resrv,Statewide Lakes Wildlife Contamination Study 2013,206LHENSY-Largemouth Bass-2013,206LHENSY,Lake Hennessey,NA,Largemouth Bass,Micropterus salmoides,fillet,Skin off,tissue,"Mercury, Total",Average of Individuals >=305 mm,0.4528,ug/g ww,2013,2,38.48947,-122.375956,fillet,Skin off,"Moisture, Total",Average of Individuals,77.568,%
69,Surface Water Ambient Monitoring Program,SWAMP Sportfish Contamination in Lakes and Resrv,Statewide Lakes Sportfish Contamination Study 2007,206PLC157-Largemouth Bass-2007,206PLC157,Lake Chabot (Vallejo),L1,Largemouth Bass,Micropterus salmoides,fillet,Skin off,tissue,"Mercury, Total",Average of 350 mm Length-Adjusted L1,0.416296,ug/g ww,2007,2,38.13618,-122.23565,fillet,Skin off,"Moisture, Total",Average of Individuals L1,78.1,%
70,Surface Water Ambient Monitoring Program,SWAMP Sportfish Contamination in Lakes and Resrv,SWB Long-Term Monitoring of Bass Lk_Res 2021,206PLC157-Largemouth Bass-2021,206PLC157,Lake Chabot (Vallejo),NA,Largemouth Bass,Micropterus salmoides,fillet,Skin off,tissue,"Mercury, Total",Average of 350 mm Length-Adjusted,0.40664,ug/g ww,2021,2,38.13618,-122.23565,fillet,Skin off,"Moisture, Total",Average of Individuals,79.311429,%
71,Surface Water Ambient Monitoring Program,SWAMP Sportfish Contamination in Lakes and Resrv,Statewide Lakes Sportfish Contamination Study 2007,206PSP205-Largemouth Bass-2007,206PSP205,San Pablo Reservoir,L1,Largemouth Bass,Micropterus salmoides,fillet,Skin off,tissue,"Mercury, Total",Average of 350 mm Length-Adjusted L1,0.511974,ug/g ww,2007,2,37.92298363,-122.237903,fillet,Skin off,"Moisture, Total",Average of Individuals L1,77.630909,%
72,Surface Water Ambient Monitoring Program,SWAMP Sportfish Contamination in Lakes and Resrv,SWB Long-Term Monitoring of Bass Lk_Res 2017,206PSP205-Largemouth Bass-2017,206PSP205,San Pablo Reservoir,NA,Largemouth Bass,Micropterus salmoides,fillet,Skin off,tissue,"Mercury, Total",Average of 350 mm Length-Adjusted,0.604825,ug/g ww,2017,2,37.92298363,-122.237903,fillet,Skin off,"Moisture, Total",Average of Individuals,77.995455,%
73,Surface Water Ambient Monitoring Program,SWAMP Sportfish Contamination in Lakes and Resrv,SWB Long-Term Monitoring of Bass Lk_Res 2023,206PSP205-Largemouth Bass-2023,206PSP205,San Pablo Reservoir,NA,Largemouth Bass,Micropterus salmoides,fillet,Skin off,tissue,"Mercury, Total",Average of 350 mm Length-Adjusted,1.067029,ug/g ww,2023,2,37.92298363,-122.237903,fillet,Skin off,"Moisture, Total",Average of Individuals,78.667143,%
74,Surface Water Ambient Monitoring Program,SWAMP Sportfish Contamination in Lakes and Resrv,SWB Monitoring of Lk_Res 2016,206STAFLK-Largemouth Bass-2016,206STAFLK,Stafford Lake,NA,Largemouth Bass,Micropterus salmoides,fillet,Skin off,tissue,"Mercury, Total",Average of 350 mm Length-Adjusted,0.473081,ug/g ww,2016,2,38.11392,-122.64416,fillet,Skin off,"Moisture, Total",Average of Individuals,79.689091,%
75,Surface Water Ambient Monitoring Program,SWAMP Sportfish Contamination in Lakes and Resrv,Statewide Lakes Sportfish Contamination Study 2007,206TB0298-Largemouth Bass-2007,206TB0298,Briones Reservoir,L1,Largemouth Bass,Micropterus salmoides,fillet,Skin off,tissue,"Mercury, Total",Average of Individuals >=305 mm L1,0.285562,ug/g ww,2007,2,37.92423,-122.19054,fillet,Skin off,"Moisture, Total",Average of Individuals L1,76.76375,%
76,Surface Water Ambient Monitoring Program,SWAMP Sportfish Contamination in Lakes and Resrv,Statewide Lakes Sportfish Contamination Study 2007,206TH0126-Largemouth Bass-2007,206TH0126,Lake Henne,L1,Largemouth Bass,Micropterus salmoides,fillet,Skin off,tissue,"Mercury, Total",Average of 350 mm Length-Adjusted L1,0.405654,ug/g ww,2007,2,38.58773,-122.46204,fillet,Skin off,"Moisture, Total",Average of Individuals L1,79.54375,%
77,Surface Water Ambient Monitoring Program,SWAMP Sportfish Contamination in Lakes and Resrv,SWB Long-Term Monitoring of Bass Lk_Res 2019,206TH0126-Largemouth Bass-2019,206TH0126,Lake Henne,NA,Largemouth Bass,Micropterus salmoides,fillet,Skin off,tissue,"Mercury, Total",Average of 350 mm Length-Adjusted,0.553052,ug/g ww,2019,2,38.58773,-122.46204,fillet,Skin off,"Moisture, Total",Average of Individuals,78.599286,%
78,Surface Water Ambient Monitoring Program,SWAMP Sportfish Contamination in Lakes and Resrv,Statewide Lakes Sportfish Contamination Study 2008,207PLF001-Largemouth Bass-2008,207PLF001,Lafayette Reservoir_BOG,L1,Largemouth Bass,Micropterus salmoides,fillet,Skin off,tissue,"Mercury, Total",Average of 350 mm Length-Adjusted L1,0.332587,ug/g ww,2008,2,37.88237,-122.14128,fillet,Skin off,"Moisture, Total",Average of Individuals L1,78.700909,%
79,Surface Water Ambient Monitoring Program,SWAMP Sportfish Contamination in Lakes and Resrv,SWB Long-Term Monitoring of Bass Lk_Res 2021,207PLF001-Largemouth Bass-2021,207PLF001,Lafayette Reservoir_BOG,NA,Largemouth Bass,Micropterus salmoides,fillet,Skin off,tissue,"Mercury, Total",Average of 350 mm Length-Adjusted,0.166621,ug/g ww,2021,2,37.88237,-122.14128,fillet,Skin off,"Moisture, Total",Average of Individuals,79.232857,%
80,Surface Water Ambient Monitoring Program,SWAMP Sportfish Coastal Zones,Statewide Coast Sportfish Contamination Study 2009,20150FARI-Gopher Rockfish-2009,20150FARI,Farallon Islands,NA,Gopher Rockfish,Sebastes carnatus,fillet,Skin off,tissue,"Mercury, Total",Average of Composites,0.289,ug/g ww,2009,2,37.70235815,-123.0300293,NA,NA,NA,NA,NA,NA
81,Surface Water Ambient Monitoring Program,SWAMP Sportfish Coastal Zones,Statewide Coast Sportfish Contamination Study 2009,20248PACC-Gopher Rockfish-2009,20248PACC,Pacifica Coast,NA,Gopher Rockfish,Sebastes carnatus,fillet,Skin off,tissue,"Mercury, Total",Average of Composites,0.341,ug/g ww,2009,2,37.60257954,-122.5360977,NA,NA,NA,NA,NA,NA
82,Surface Water Ambient Monitoring Program,SWAMP Sportfish Contamination in Lakes and Resrv,SWB Monitoring of Lk_Res 2016,201ALPELK-Bluegill-2016,201ALPELK,Alpine Lake,NA,Bluegill,Lepomis macrochirus,fillet,Skin off,tissue,"Mercury, Total",Average of Composites,0.1385,ug/g ww,2016,2,37.94945,-122.62845,NA,NA,NA,NA,NA,NA
83,Surface Water Ambient Monitoring Program,SWAMP Sportfish Coastal Zones,Statewide Coast Sportfish Contamination Study 2009,20151SMAC-White Croaker-2009,20151SMAC,Southern Marin Coast,NA,White Croaker,Genyonemus lineatus,fillet,Skin off,tissue,"Mercury, Total",Average of Composites,0.208,ug/g ww,2009,2,37.888443,-122.720843,NA,NA,NA,NA,NA,NA
84,Surface Water Ambient Monitoring Program,SWAMP Sportfish Coastal Zones,Statewide Coast Sportfish Contamination Study 2009,20152TBAY-Leopard shark-2009,20152TBAY,Tomales Bay,NA,Leopard shark,Triakis semifasciata,fillet,Skin off,tissue,"Mercury, Total",Average of Composites,1.22,ug/g ww,2009,2,38.187871,-122.927284,NA,NA,NA,NA,NA,NA
85,Surface Water Ambient Monitoring Program,SWAMP Sportfish Coastal Zones,Statewide Coast Sportfish Contamination Study 2009,20152TBAY-Brown Smooth-hound Shark-2009,20152TBAY,Tomales Bay,NA,Brown Smooth-hound Shark,Mustelus henlei,fillet,Skin off,tissue,"Mercury, Total",Average of Composites,0.832,ug/g ww,2009,2,38.187871,-122.927284,NA,NA,NA,NA,NA,NA
86,Surface Water Ambient Monitoring Program,SWAMP Sportfish Coastal Zones,Statewide Coast Sportfish Contamination Study 2020,20152TBAY-California Halibut-2020,20152TBAY,Tomales Bay,NA,California Halibut,Paralichthys californicus,fillet,Skin off,tissue,"Mercury, Total",Average of Composites,0.129,ug/g ww,2020,2,38.187871,-122.927284,NA,NA,NA,NA,NA,NA
87,Surface Water Ambient Monitoring Program,SWAMP Sportfish Coastal Zones,Statewide Coast Sportfish Contamination Study 2009,20153NMRC-Brown Rockfish-2009,20153NMRC,Northern Marin Coast,NA,Brown Rockfish,Sebastes auriculatus,fillet,Skin off,tissue,"Mercury, Total",Average of Composites,0.242,ug/g ww,2009,2,38.21325308,-122.9961377,NA,NA,NA,NA,NA,NA
88,Surface Water Ambient Monitoring Program,SWAMP Sportfish Contamination in Lakes and Resrv,SWB Monitoring of Lk_Res 2016,201KENTLK-Bluegill-2016,201KENTLK,Kent Lake,NA,Bluegill,Lepomis macrochirus,fillet,Skin off,tissue,"Mercury, Total",Average of Composites,0.2675,ug/g ww,2016,2,37.98381,-122.69343,NA,NA,NA,NA,NA,NA
89,Surface Water Ambient Monitoring Program,SWAMP Sportfish Contamination in Lakes and Resrv,SWB Long-Term Monitoring of Bass Lk_Res 2021,201PSL093-Brown Bullhead-2021,201PSL093,Soulejoule Lake,NA,Brown Bullhead,Ameiurus nebulosus,fillet,Skin off,tissue,"Mercury, Total",Average of Composites,0.134,ug/g ww,2021,2,38.14734508,-122.7778744,NA,NA,NA,NA,NA,NA
90,Surface Water Ambient Monitoring Program,SWAMP Sportfish Contamination in Lakes and Resrv,SWB Long-Term Monitoring of Bass Lk_Res 2017,201PNL105-Black Crappie-2017,201PNL105,Nicasio Lake,NA,Black Crappie,Pomoxis nigromaculatus,fillet,Skin off,tissue,"Mercury, Total",Average of Composites,0.184,ug/g ww,2017,2,38.07682,-122.73043,NA,NA,NA,NA,NA,NA
91,Surface Water Ambient Monitoring Program,SWAMP Sportfish Coastal Zones,Statewide Coast Sportfish Contamination Study 2020,20246PPTH-Black Perch-2020,20246PPTH,Pillar Point Harbor,NA,Black Perch,Embiotoca jacksoni,fillet,Skin off,tissue,"Mercury, Total",Average of Composites,0.039,ug/g ww,2020,2,37.501376,-122.4783349,NA,NA,NA,NA,NA,NA
92,Surface Water Ambient Monitoring Program,SWAMP Sportfish Coastal Zones,Statewide Coast Sportfish Contamination Study 2020,20246PPTH-White Croaker-2020,20246PPTH,Pillar Point Harbor,NA,White Croaker,Genyonemus lineatus,fillet,Skin off,tissue,"Mercury, Total",Average of Composites,0.073,ug/g ww,2020,2,37.501376,-122.4783349,NA,NA,NA,NA,NA,NA
93,Surface Water Ambient Monitoring Program,SWAMP Sportfish Coastal Zones,Statewide Coast Sportfish Contamination Study 2020,20248PACC-Pacific Sanddab-2020,20248PACC,Pacifica Coast,NA,Pacific Sanddab,Citharichthys sordidus,fillet,Skin off,tissue,"Mercury, Total",Average of Composites,0.053,ug/g ww,2020,2,37.60257954,-122.5360977,NA,NA,NA,NA,NA,NA
94,Surface Water Ambient Monitoring Program,SWAMP Sportfish Coastal Zones,Statewide Coast Sportfish Contamination Study 2020,20246PPTH-Rainbow Surfperch-2020,20246PPTH,Pillar Point Harbor,NA,Rainbow Surfperch,Hypsurus caryi,fillet,Skin off,tissue,"Mercury, Total",Average of Composites,0.045,ug/g ww,2020,2,37.501376,-122.4783349,NA,NA,NA,NA,NA,NA
95,Surface Water Ambient Monitoring Program,SWAMP Sportfish Coastal Zones,Statewide Coast Sportfish Contamination Study 2020,20246PPTH-Surf Smelt-2020,20246PPTH,Pillar Point Harbor,NA,Surf Smelt,Hypomesus pretiosus,fillet,Skin off,tissue,"Mercury, Total",Average of Composites,0.067,ug/g ww,2020,2,37.501376,-122.4783349,NA,NA,NA,NA,NA,NA
96,Surface Water Ambient Monitoring Program,SWAMP Sportfish Coastal Zones,Statewide Coast Sportfish Contamination Study 2009,20246PPTH-White Croaker-2009,20246PPTH,Pillar Point Harbor,NA,White Croaker,Genyonemus lineatus,fillet,Skin off,tissue,"Mercury, Total",Average of Composites,0.103,ug/g ww,2009,2,37.501376,-122.4783349,NA,NA,NA,NA,NA,NA
97,Surface Water Ambient Monitoring Program,SWAMP Sportfish Coastal Zones,Statewide Coast Sportfish Contamination Study 2020,20246PPTH-White Surfperch-2020,20246PPTH,Pillar Point Harbor,NA,White Surfperch,Phanerodon furcatus,fillet,Skin off,tissue,"Mercury, Total",Average of Composites,0.043,ug/g ww,2020,2,37.501376,-122.4783349,NA,NA,NA,NA,NA,NA
98,Surface Water Ambient Monitoring Program,SWAMP Sportfish Coastal Zones,Statewide Coast Sportfish Contamination Study 2020,20247HMBC-Blue Rockfish-2020,20247HMBC,Half Moon Bay Coast,NA,Blue Rockfish,Sebastes mystinus,fillet,Skin off,tissue,"Mercury, Total",Average of Composites,0.091,ug/g ww,2020,2,37.32042,-122.53064,NA,NA,NA,NA,NA,NA
99,Surface Water Ambient Monitoring Program,SWAMP Sportfish Coastal Zones,Statewide Coast Sportfish Contamination Study 2009,20247HMBC-Brown Rockfish-2009,20247HMBC,Half Moon Bay Coast,NA,Brown Rockfish,Sebastes auriculatus,fillet,Skin off,tissue,"Mercury, Total",Average of Composites,0.262,ug/g ww,2009,2,37.32042,-122.53064,NA,NA,NA,NA,NA,NA
100,Surface Water Ambient Monitoring Program,SWAMP Sportfish Coastal Zones,Statewide Coast Sportfish Contamination Study 2020,20247HMBC-Canary Rockfish-2020,20247HMBC,Half Moon Bay Coast,NA,Canary Rockfish,Sebastes pinniger,fillet,Skin off,tissue,"Mercury, Total",Average of Composites,0.081,ug/g ww,2020,2,37.32042,-122.53064,NA,NA,NA,NA,NA,NA
101,Surface Water Ambient Monitoring Program,SWAMP Sportfish Coastal Zones,Statewide Coast Sportfish Contamination Study 2020,20247HMBC-Deacon Rockfish-2020,20247HMBC,Half Moon Bay Coast,NA,Deacon Rockfish,Sebastes diaconus,fillet,Skin off,tissue,"Mercury, Total",Average of Composites,0.033,ug/g ww,2020,2,37.32042,-122.53064,NA,NA,NA,NA,NA,NA
102,Surface Water Ambient Monitoring Program,SWAMP Sportfish Coastal Zones,Statewide Coast Sportfish Contamination Study 2009,20247HMBC-Gopher Rockfish-2009,20247HMBC,Half Moon Bay Coast,NA,Gopher Rockfish,Sebastes carnatus,fillet,Skin off,tissue,"Mercury, Total",Average of Composites,0.255,ug/g ww,2009,2,37.32042,-122.53064,NA,NA,NA,NA,NA,NA
103,Surface Water Ambient Monitoring Program,SWAMP Sportfish Coastal Zones,Statewide Coast Sportfish Contamination Study 2020,20247HMBC-Jacksmelt-2020,20247HMBC,Half Moon Bay Coast,NA,Jacksmelt,Atherinopsis californiensis,fillet,Skin off,tissue,"Mercury, Total",Average of Composites,0.083,ug/g ww,2020,2,37.32042,-122.53064,NA,NA,NA,NA,NA,NA
104,Surface Water Ambient Monitoring Program,SWAMP Sportfish Coastal Zones,Statewide Coast Sportfish Contamination Study 2009,20247HMBC-Lingcod-2009,20247HMBC,Half Moon Bay Coast,NA,Lingcod,Ophiodon elongatus,fillet,Skin off,tissue,"Mercury, Total",Average of Composites,0.268,ug/g ww,2009,2,37.32042,-122.53064,NA,NA,NA,NA,NA,NA
105,Surface Water Ambient Monitoring Program,SWAMP Sportfish Coastal Zones,Statewide Coast Sportfish Contamination Study 2020,20248PACC-Jacksmelt-2020,20248PACC,Pacifica Coast,NA,Jacksmelt,Atherinopsis californiensis,fillet,Skin off,tissue,"Mercury, Total",Average of Composites,0.035,ug/g ww,2020,2,37.60257954,-122.5360977,NA,NA,NA,NA,NA,NA
106,Surface Water Ambient Monitoring Program,SWAMP Sportfish Coastal Zones,Statewide Coast Sportfish Contamination Study 2009,20248PACC-Lingcod-2009,20248PACC,Pacifica Coast,NA,Lingcod,Ophiodon elongatus,fillet,Skin off,tissue,"Mercury, Total",Average of Composites,0.416,ug/g ww,2009,2,37.60257954,-122.5360977,NA,NA,NA,NA,NA,NA
107,Surface Water Ambient Monitoring Program,SWAMP Sportfish Coastal Zones,Statewide Coast Sportfish Contamination Study 2009,20249SSFC-White Croaker-2009,20249SSFC,San Francisco Coast,NA,White Croaker,Genyonemus lineatus,fillet,Skin off,tissue,"Mercury, Total",Average of Composites,0.238,ug/g ww,2009,2,37.7364655,-122.5181055,NA,NA,NA,NA,NA,NA
108,Surface Water Ambient Monitoring Program,SWAMP Sportfish Contamination in Lakes and Resrv,Statewide Lakes Sportfish Low Contam. Study 2014,202LKMRCD-Channel Catfish-2014,202LKMRCD,Lake Merced,NA,Channel Catfish,Ictalurus punctatus,fillet,Skin off,tissue,"Mercury, Total",Average of Composites,0.155,ug/g ww,2014,2,37.72728,-122.497184,NA,NA,NA,NA,NA,NA
109,Surface Water Ambient Monitoring Program,SWAMP Sportfish Contamination in Lakes and Resrv,SWB Monitoring of Lk_Res 2016,203TEMLAK-Bluegill-2016,203TEMLAK,Lake Temescal,NA,Bluegill,Lepomis macrochirus,fillet,Skin off,tissue,"Mercury, Total",Average of Composites,0.084,ug/g ww,2016,2,37.846406,-122.230386,NA,NA,NA,NA,NA,NA
110,Surface Water Ambient Monitoring Program,SWAMP Sportfish Contamination in Lakes and Resrv,SWB Monitoring of Lk_Res 2016,203TEMLAK-Green Sunfish-2016,203TEMLAK,Lake Temescal,NA,Green Sunfish,Lepomis cyanellus,fillet,Skin off,tissue,"Mercury, Total",Average of Composites,0.083,ug/g ww,2016,2,37.846406,-122.230386,NA,NA,NA,NA,NA,NA
111,Surface Water Ambient Monitoring Program,SWAMP Sportfish Contamination in Lakes and Resrv,Statewide Lakes Sportfish Contamination Study 2008,204PDV169-Channel Catfish-2008,204PDV169,Lake del Valle,NA,Channel Catfish,Ictalurus punctatus,fillet,Skin off,tissue,"Mercury, Total",Average of Composites,0.222,ug/g ww,2008,2,37.58954,-121.71446,NA,NA,NA,NA,NA,NA
112,Surface Water Ambient Monitoring Program,SWAMP Sportfish Contamination in Lakes and Resrv,Statewide Lakes Sportfish Contamination Study 2008,204PSC113-Channel Catfish-2008,204PSC113,Shadow Cliffs Reservoir_BOG,NA,Channel Catfish,Ictalurus punctatus,fillet,Skin off,tissue,"Mercury, Total",Average of Composites,0.1185,ug/g ww,2008,2,37.66963,-121.83581,NA,NA,NA,NA,NA,NA
113,Surface Water Ambient Monitoring Program,SWAMP Sportfish Contamination in Lakes and Resrv,SWB Long-Term Monitoring of Bass Lk_Res 2021,204PSC113-Channel Catfish-2021,204PSC113,Shadow Cliffs Reservoir_BOG,NA,Channel Catfish,Ictalurus punctatus,fillet,Skin off,tissue,"Mercury, Total",Average of Composites,0.095,ug/g ww,2021,2,37.66963,-121.83581,NA,NA,NA,NA,NA,NA
114,Surface Water Ambient Monitoring Program,SWAMP Sportfish Contamination in Lakes and Resrv,Statewide Lakes Sportfish Contamination Study 2007,204TC0514-Common Carp-2007,204TC0514,Lake Chabot (San Leandro)_BOG,NA,Common Carp,Cyprinus carpio,fillet,Skin off,tissue,"Mercury, Total",Average of Composites,0.4145,ug/g ww,2007,2,37.72062,-122.10636,NA,NA,NA,NA,NA,NA
115,Surface Water Ambient Monitoring Program,SWAMP Sportfish Contamination in Lakes and Resrv,SWB Long-Term Monitoring of Bass Lk_Res 2019,204TC0514-Common Carp-2019,204TC0514,Lake Chabot (San Leandro)_BOG,NA,Common Carp,Cyprinus carpio,fillet,Skin off,tissue,"Mercury, Total",Average of Composites,0.269,ug/g ww,2019,2,37.72062,-122.10636,NA,NA,NA,NA,NA,NA
116,Surface Water Ambient Monitoring Program,SWAMP Sportfish Contamination in Lakes and Resrv,SWB Long-Term Monitoring of Bass Lk_Res 2017,204TL0138-Bluegill-2017,204TL0138,Upper San Leandro Reservoir,NA,Bluegill,Lepomis macrochirus,fillet,Skin off,tissue,"Mercury, Total",Average of Composites,0.2485,ug/g ww,2017,2,37.77606,-122.11748,NA,NA,NA,NA,NA,NA
117,Surface Water Ambient Monitoring Program,SWAMP Sportfish Contamination in Lakes and Resrv,Statewide Lakes Sportfish Contamination Study 2008,205PAL221-Common Carp-2008,205PAL221,Almaden Lake,NA,Common Carp,Cyprinus carpio,fillet,Skin off,tissue,"Mercury, Total",Average of Composites,1.035,ug/g ww,2008,2,37.241,-121.87131,NA,NA,NA,NA,NA,NA
118,Surface Water Ambient Monitoring Program,SWAMP Sportfish Contamination in Lakes and Resrv,SWB Long-Term Monitoring of Bass Lk_Res 2017,204TL0138-Redear Sunfish-2017,204TL0138,Upper San Leandro Reservoir,NA,Redear Sunfish,Lepomis microlophus,fillet,Skin off,tissue,"Mercury, Total",Average of Composites,0.0985,ug/g ww,2017,2,37.77606,-122.11748,NA,NA,NA,NA,NA,NA
119,Surface Water Ambient Monitoring Program,SWAMP Sportfish Contamination in Lakes and Resrv,Statewide Lakes Sportfish Contamination Study 2007,205PAD016-Common Carp-2007,205PAD016,Anderson Lake_BOG,NA,Common Carp,Cyprinus carpio,fillet,Skin off,tissue,"Mercury, Total",Average of Composites,0.416,ug/g ww,2007,2,37.16265,-121.61243,NA,NA,NA,NA,NA,NA
120,Surface Water Ambient Monitoring Program,SWAMP Sportfish Contamination in Lakes and Resrv,SWB Monitoring of Lk_Res 2016,205PCL212-Black Crappie-2016,205PCL212,Coyote Lake,NA,Black Crappie,Pomoxis nigromaculatus,fillet,Skin off,tissue,"Mercury, Total",Average of Composites,0.338,ug/g ww,2016,2,37.09221,-121.53711,NA,NA,NA,NA,NA,NA
121,Surface Water Ambient Monitoring Program,SWAMP Sportfish Contamination in Lakes and Resrv,SWB Long-Term Monitoring of Bass Lk_Res 2017,205PCL212-Black Crappie-2017,205PCL212,Coyote Lake,NA,Black Crappie,Pomoxis nigromaculatus,fillet,Skin off,tissue,"Mercury, Total",Average of Composites,0.195,ug/g ww,2017,2,37.09221,-121.53711,fillet,Skin off,"Moisture, Total",Average of Individuals,80.89,%
122,Surface Water Ambient Monitoring Program,SWAMP Sportfish Contamination in Lakes and Resrv,SWB Monitoring of Lk_Res 2016,205PCL212-Bluegill-2016,205PCL212,Coyote Lake,NA,Bluegill,Lepomis macrochirus,fillet,Skin off,tissue,"Mercury, Total",Average of Composites,0.191,ug/g ww,2016,2,37.09221,-121.53711,NA,NA,NA,NA,NA,NA
123,Surface Water Ambient Monitoring Program,SWAMP Sportfish Contamination in Lakes and Resrv,SWB Long-Term Monitoring of Bass Lk_Res 2017,205PCL212-Bluegill-2017,205PCL212,Coyote Lake,NA,Bluegill,Lepomis macrochirus,fillet,Skin off,tissue,"Mercury, Total",Average of Composites,0.2125,ug/g ww,2017,2,37.09221,-121.53711,NA,NA,NA,NA,NA,NA
124,Surface Water Ambient Monitoring Program,SWAMP Sportfish Contamination in Lakes and Resrv,Statewide Lakes Sportfish Contamination Study 2008,205PCL212-Common Carp-2008,205PCL212,Coyote Lake,NA,Common Carp,Cyprinus carpio,fillet,Skin off,tissue,"Mercury, Total",Average of Composites,0.408,ug/g ww,2008,2,37.09221,-121.53711,NA,NA,NA,NA,NA,NA
125,Surface Water Ambient Monitoring Program,SWAMP Sportfish Contamination in Lakes and Resrv,SWB Monitoring of Lk_Res 2016,205PCL212-Common Carp-2016,205PCL212,Coyote Lake,NA,Common Carp,Cyprinus carpio,fillet,Skin off,tissue,"Mercury, Total",Average of Composites,0.2725,ug/g ww,2016,2,37.09221,-121.53711,NA,NA,NA,NA,NA,NA
126,Surface Water Ambient Monitoring Program,SWAMP Sportfish Contamination in Lakes and Resrv,Statewide Lakes Sportfish Contamination Study 2008,205PLV218-Common Carp-2008,205PLV218,Lake Vasona,NA,Common Carp,Cyprinus carpio,fillet,Skin off,tissue,"Mercury, Total",Average of Composites,0.057,ug/g ww,2008,2,37.2439,-121.96902,NA,NA,NA,NA,NA,NA
127,Surface Water Ambient Monitoring Program,SWAMP Sportfish Contamination in Lakes and Resrv,SWB Long-Term Monitoring of Bass Lk_Res 2015,205PLV218-Common Carp-2015,205PLV218,Lake Vasona,NA,Common Carp,Cyprinus carpio,fillet,Skin off,tissue,"Mercury, Total",Average of Composites,0.042,ug/g ww,2015,2,37.2439,-121.96902,NA,NA,NA,NA,NA,NA
128,Surface Water Ambient Monitoring Program,SWAMP Sportfish Contamination in Lakes and Resrv,SWB Long-Term Monitoring of Bass Lk_Res 2019,205PSC048-Channel Catfish-2019,205PSC048,Stevens Creek Reservoir,NA,Channel Catfish,Ictalurus punctatus,fillet,Skin off,tissue,"Mercury, Total",Average of Composites,1,ug/g ww,2019,2,37.2958,-122.0789,NA,NA,NA,NA,NA,NA
129,Surface Water Ambient Monitoring Program,SWAMP Sportfish Contamination in Lakes and Resrv,Statewide Lakes Sportfish Contamination Study 2007,205PSC048-Common Carp-2007,205PSC048,Stevens Creek Reservoir,NA,Common Carp,Cyprinus carpio,fillet,Skin off,tissue,"Mercury, Total",Average of Composites,0.306,ug/g ww,2007,2,37.2958,-122.0789,NA,NA,NA,NA,NA,NA
130,Surface Water Ambient Monitoring Program,SWAMP Sportfish Contamination in Lakes and Resrv,Statewide Lakes Sportfish Contamination Study 2007,205TU0132-Sacramento Sucker-2007,205TU0132,Oiger Quarry Ponds,NA,Sacramento Sucker,Catostomus occidentalis,fillet,Skin off,tissue,"Mercury, Total",Average of Composites,0.2855,ug/g ww,2007,2,37.18304,-121.69343,NA,NA,NA,NA,NA,NA
131,Surface Water Ambient Monitoring Program,SWAMP Sportfish Contamination in Lakes and Resrv,SWB Long-Term Monitoring of Bass Lk_Res 2021,206PLC157-Bluegill-2021,206PLC157,Lake Chabot (Vallejo),NA,Bluegill,Lepomis macrochirus,fillet,Skin off,tissue,"Mercury, Total",Average of Composites,0.0785,ug/g ww,2021,2,38.13618,-122.23565,NA,NA,NA,NA,NA,NA
132,Surface Water Ambient Monitoring Program,SWAMP Sportfish Contamination in Lakes and Resrv,Statewide Lakes Sportfish Contamination Study 2007,206PLC157-Common Carp-2007,206PLC157,Lake Chabot (Vallejo),NA,Common Carp,Cyprinus carpio,fillet,Skin off,tissue,"Mercury, Total",Average of Composites,0.139,ug/g ww,2007,2,38.13618,-122.23565,NA,NA,NA,NA,NA,NA
133,Surface Water Ambient Monitoring Program,SWAMP Sportfish Contamination in Lakes and Resrv,Statewide Lakes Sportfish Contamination Study 2007,206PSP205-Common Carp-2007,206PSP205,San Pablo Reservoir,NA,Common Carp,Cyprinus carpio,fillet,Skin off,tissue,"Mercury, Total",Average of Composites,0.131,ug/g ww,2007,2,37.92298363,-122.237903,NA,NA,NA,NA,NA,NA
134,Surface Water Ambient Monitoring Program,SWAMP Sportfish Contamination in Lakes and Resrv,SWB Long-Term Monitoring of Bass Lk_Res 2023,206PSP205-Common Carp-2023,206PSP205,San Pablo Reservoir,NA,Common Carp,Cyprinus carpio,fillet,Skin off,tissue,"Mercury, Total",Average of Composites,0.362,ug/g ww,2023,2,37.92298363,-122.237903,NA,NA,NA,NA,NA,NA
135,Surface Water Ambient Monitoring Program,SWAMP Sportfish Contamination in Lakes and Resrv,SWB Monitoring of Lk_Res 2016,206STAFLK-Redear Sunfish-2016,206STAFLK,Stafford Lake,NA,Redear Sunfish,Lepomis microlophus,fillet,Skin off,tissue,"Mercury, Total",Average of Composites,0.1345,ug/g ww,2016,2,38.11392,-122.64416,NA,NA,NA,NA,NA,NA
136,Surface Water Ambient Monitoring Program,SWAMP Sportfish Contamination in Lakes and Resrv,Statewide Lakes Sportfish Contamination Study 2008,207PLF001-Channel Catfish-2008,207PLF001,Lafayette Reservoir_BOG,NA,Channel Catfish,Ictalurus punctatus,fillet,Skin off,tissue,"Mercury, Total",Average of Composites,0.074,ug/g ww,2008,2,37.88237,-122.14128,NA,NA,NA,NA,NA,NA
137,Surface Water Ambient Monitoring Program,SWAMP Sportfish Coastal Zones,Statewide Coast Sportfish Contamination Study 2009,20150FARI-Blue Rockfish-2009,20150FARI,Farallon Islands,NA,Blue Rockfish,Sebastes mystinus,NA,NA,tissue,NA,NA,NA,NA,2009,2,37.70235815,-123.0300293,fillet,Skin off,"Moisture, Total",Average of Individuals,76.52,%
138,Surface Water Ambient Monitoring Program,SWAMP Sportfish Coastal Zones,Statewide Coast Sportfish Contamination Study 2009,20150FARI-Olive Rockfish-2009,20150FARI,Farallon Islands,NA,Olive Rockfish,Sebastes serranoides,NA,NA,tissue,NA,NA,NA,NA,2009,2,37.70235815,-123.0300293,fillet,Skin off,"Moisture, Total",Average of Individuals,78.12,%
139,Surface Water Ambient Monitoring Program,SWAMP Sportfish Coastal Zones,Statewide Coast Sportfish Contamination Study 2020,20152TBAY-Leopard shark-2020,20152TBAY,Tomales Bay,NA,Leopard shark,Triakis semifasciata,NA,NA,tissue,NA,NA,NA,NA,2020,2,38.187871,-122.927284,fillet,Skin off,"Moisture, Total",Average of Individuals,74.171111,%
140,Surface Water Ambient Monitoring Program,SWAMP Sportfish Coastal Zones,Statewide Coast Sportfish Contamination Study 2020,20152TBAY-Pacific Common Thresher Shark-2020,20152TBAY,Tomales Bay,NA,Pacific Common Thresher Shark,Alopias vulpinus,NA,NA,tissue,NA,NA,NA,NA,2020,2,38.187871,-122.927284,fillet,Skin off,"Moisture, Total",Average of Individuals,72.933333,%
141,Surface Water Ambient Monitoring Program,SWAMP Sportfish Coastal Zones,Statewide Coast Sportfish Contamination Study 2009,20153NMRC-Blue Rockfish-2009,20153NMRC,Northern Marin Coast,NA,Blue Rockfish,Sebastes mystinus,NA,NA,tissue,NA,NA,NA,NA,2009,2,38.21325308,-122.9961377,fillet,Skin off,"Moisture, Total",Average of Individuals,78.606667,%
142,Surface Water Ambient Monitoring Program,SWAMP Sportfish Coastal Zones,Statewide Coast Sportfish Contamination Study 2009,20153NMRC-Olive Rockfish-2009,20153NMRC,Northern Marin Coast,NA,Olive Rockfish,Sebastes serranoides,NA,NA,tissue,NA,NA,NA,NA,2009,2,38.21325308,-122.9961377,fillet,Skin off,"Moisture, Total",Average of Individuals,78.255,%
143,Surface Water Ambient Monitoring Program,SWAMP Sportfish Coastal Zones,Statewide Coast Sportfish Contamination Study 2009,20246PPTH-Black Perch-2009,20246PPTH,Pillar Point Harbor,NA,Black Perch,Embiotoca jacksoni,NA,NA,tissue,NA,NA,NA,NA,2009,2,37.501376,-122.4783349,fillet,Skin off,"Moisture, Total",Average of Individuals,78.395,%
144,Surface Water Ambient Monitoring Program,SWAMP Sportfish Coastal Zones,Statewide Coast Sportfish Contamination Study 2020,20246PPTH-California Halibut-2020,20246PPTH,Pillar Point Harbor,NA,California Halibut,Paralichthys californicus,NA,NA,tissue,NA,NA,NA,NA,2020,2,37.501376,-122.4783349,fillet,Skin off,"Moisture, Total",Average of Individuals,74.46,%
145,Surface Water Ambient Monitoring Program,SWAMP Sportfish Coastal Zones,Statewide Coast Sportfish Contamination Study 2009,20248PACC-Blue Rockfish-2009,20248PACC,Pacifica Coast,NA,Blue Rockfish,Sebastes mystinus,NA,NA,tissue,NA,NA,NA,NA,2009,2,37.60257954,-122.5360977,fillet,Skin off,"Moisture, Total",Average of Individuals,76.3,%
146,Surface Water Ambient Monitoring Program,SWAMP Sportfish Coastal Zones,Statewide Coast Sportfish Contamination Study 2009,20249SSFC-Barred Surfperch-2009,20249SSFC,San Francisco Coast,NA,Barred Surfperch,Amphistichus argenteus,NA,NA,tissue,NA,NA,NA,NA,2009,2,37.7364655,-122.5181055,fillet,Skin off,"Moisture, Total",Average of Individuals,78.752,%