Program,ParentProject,Project,StationCode,StationName,LocationCode,CommonName,FinalID,TissueName,TissuePrep,MatrixDisplay,Analyte,ResultType,Result,Unit,SampleYear,Region,TargetLatitude,TargetLongitude,TLAvgLength_mm,DataQuality,DataQualityIndicator,N_in_Avg,ND_in_Avg,DisplayText
Surface Water Ambient Monitoring Program,SWAMP Sportfish Coastal Zones,Statewide Coast Sportfish Contamination Study 2009,20150FARI,Farallon Islands,NA,Blue Rockfish,Sebastes mystinus,fillet,Skin off,tissue,"Mercury, Total",Average of Individuals,0.040333,ug/g ww,2009,2,37.70235815,-123.0300293,246.33,Some review needed,ResultQualCode:DNQ,6,0,
Surface Water Ambient Monitoring Program,SWAMP Sportfish Coastal Zones,Statewide Coast Sportfish Contamination Study 2009,20150FARI,Farallon Islands,NA,Olive Rockfish,Sebastes serranoides,fillet,Skin off,tissue,"Mercury, Total",Average of Individuals,0.144333,ug/g ww,2009,2,37.70235815,-123.0300293,375.83,Passed,,6,0,
Surface Water Ambient Monitoring Program,SWAMP Sportfish Coastal Zones,Statewide Coast Sportfish Contamination Study 2009,20151SMAC,Southern Marin Coast,NA,Barred Surfperch,Amphistichus argenteus,fillet,Skin off,tissue,"Mercury, Total",Average of Individuals,0.1445,ug/g ww,2009,2,37.888443,-122.720843,206.38,Passed,,8,0,
Surface Water Ambient Monitoring Program,SWAMP Sportfish Coastal Zones,Statewide Coast Sportfish Contamination Study 2020,20152TBAY,Tomales Bay,NA,Leopard shark,Triakis semifasciata,fillet,Skin off,tissue,"Mercury, Total",Average of Individuals,1.727778,ug/g ww,2020,2,38.187871,-122.927284,1310.11,Passed,,9,0,
Surface Water Ambient Monitoring Program,SWAMP Sportfish Coastal Zones,Statewide Coast Sportfish Contamination Study 2020,20152TBAY,Tomales Bay,NA,Pacific Common Thresher Shark,Alopias vulpinus,fillet,Skin off,tissue,"Mercury, Total",Average of Individuals,0.106667,ug/g ww,2020,2,38.187871,-122.927284,1811,Passed,,3,0,
Surface Water Ambient Monitoring Program,SWAMP Sportfish Coastal Zones,Statewide Coast Sportfish Contamination Study 2009,20152TBAY,Tomales Bay,NA,Shiner Surfperch,Cymatogaster aggregata,fillet,Skin off,tissue,"Mercury, Total",Average of Individuals,0.1065,ug/g ww,2009,2,38.187871,-122.927284,108.5,Passed,,2,0,
Surface Water Ambient Monitoring Program,SWAMP Sportfish Coastal Zones,Statewide Coast Sportfish Contamination Study 2009,20152TBAY,Tomales Bay,NA,White Surfperch,Phanerodon furcatus,fillet,Skin off,tissue,"Mercury, Total",Average of Individuals,0.0437,ug/g ww,2009,2,38.187871,-122.927284,119.6,Some review needed,ResultQualCode:DNQ,10,0,
Surface Water Ambient Monitoring Program,SWAMP Sportfish Coastal Zones,Statewide Coast Sportfish Contamination Study 2009,20153NMRC,Northern Marin Coast,NA,Blue Rockfish,Sebastes mystinus,fillet,Skin off,tissue,"Mercury, Total",Average of Individuals,0.060667,ug/g ww,2009,2,38.21325308,-122.9961377,255.67,Passed,,3,0,
Surface Water Ambient Monitoring Program,SWAMP Sportfish Coastal Zones,Statewide Coast Sportfish Contamination Study 2009,20153NMRC,Northern Marin Coast,NA,Olive Rockfish,Sebastes serranoides,fillet,Skin off,tissue,"Mercury, Total",Average of Individuals,0.0423,ug/g ww,2009,2,38.21325308,-122.9961377,261.5,Some review needed,ResultQualCode:DNQ,10,0,
Surface Water Ambient Monitoring Program,SWAMP Sportfish Contamination in Lakes and Resrv,SWB Monitoring of Lk_Res 2016,201ALPELK,Alpine Lake,NA,Largemouth Bass,Micropterus salmoides,fillet,Skin off,tissue,"Mercury, Total",Average of 350 mm Length-Adjusted,0.518607,ug/g ww,2016,2,37.94945,-122.62845,350,Passed,,11,0,
Surface Water Ambient Monitoring Program,SWAMP Sportfish Contamination in Lakes and Resrv,SWB Monitoring of Lk_Res 2016,201KENTLK,Kent Lake,NA,Largemouth Bass,Micropterus salmoides,fillet,Skin off,tissue,"Mercury, Total",Average of 350 mm Length-Adjusted,0.547156,ug/g ww,2016,2,37.98381,-122.69343,350,Passed,,11,0,
Surface Water Ambient Monitoring Program,SWAMP Sportfish Contamination in Lakes and Resrv,Statewide Lakes Sportfish Contamination Study 2007,201PBT189,Bon Tempe Lake_BOG,L1,Largemouth Bass,Micropterus salmoides,fillet,Skin off,tissue,"Mercury, Total",Average of 350 mm Length-Adjusted L1,0.317795,ug/g ww,2007,2,37.95301,-122.60579,350,Passed,,11,0,
Surface Water Ambient Monitoring Program,SWAMP Sportfish Contamination in Lakes and Resrv,SWB Long-Term Monitoring of Bass Lk_Res 2023,201PBT189,Bon Tempe Lake_BOG,NA,Largemouth Bass,Micropterus salmoides,fillet,Skin off,tissue,"Mercury, Total",Average of 350 mm Length-Adjusted,0.285794,ug/g ww,2023,2,37.95301,-122.60579,350,Passed,,14,0,
Surface Water Ambient Monitoring Program,SWAMP Sportfish Contamination in Lakes and Resrv,Statewide Lakes Sportfish Contamination Study 2008,201PNL105,Nicasio Lake,L1,Largemouth Bass,Micropterus salmoides,fillet,Skin off,tissue,"Mercury, Total",Average of 350 mm Length-Adjusted L1,0.484414,ug/g ww,2008,2,38.07682,-122.73043,350,Passed,,16,0,
Surface Water Ambient Monitoring Program,SWAMP Sportfish Contamination in Lakes and Resrv,SWB Long-Term Monitoring of Bass Lk_Res 2017,201PNL105,Nicasio Lake,NA,Largemouth Bass,Micropterus salmoides,fillet,Skin off,tissue,"Mercury, Total",Average of 350 mm Length-Adjusted,0.415562,ug/g ww,2017,2,38.07682,-122.73043,350,Passed,,11,0,
Surface Water Ambient Monitoring Program,SWAMP Sportfish Contamination in Lakes and Resrv,SWB Long-Term Monitoring of Bass Lk_Res 2021,201PSL093,Soulejoule Lake,NA,Black Crappie,Pomoxis nigromaculatus,fillet,Skin off,tissue,"Mercury, Total",Average of Individuals,0.9986,ug/g ww,2021,2,38.14734508,-122.7778744,225.9,Passed,,10,0,
Surface Water Ambient Monitoring Program,SWAMP Sportfish Contamination in Lakes and Resrv,SWB Long-Term Monitoring of Bass Lk_Res 2021,201PSL093,Soulejoule Lake,NA,Bluegill,Lepomis macrochirus,whole organism,"Skin on, Scales On",tissue,"Mercury, Total",Average of Individuals,0.175,ug/g ww,2021,2,38.14734508,-122.7778744,117.6,Passed,,5,0,
Surface Water Ambient Monitoring Program,SWAMP Sportfish Contamination in Lakes and Resrv,Statewide Lakes Sportfish Contamination Study 2007,201PSL093,Soulejoule Lake,L1,Largemouth Bass,Micropterus salmoides,fillet,Skin off,tissue,"Mercury, Total",Average of 350 mm Length-Adjusted L1,1.034211,ug/g ww,2007,2,38.14734508,-122.7778744,350,Passed,,16,0,
Surface Water Ambient Monitoring Program,SWAMP Sportfish Contamination in Lakes and Resrv,SWB Long-Term Monitoring of Bass Lk_Res 2021,201PSL093,Soulejoule Lake,NA,Largemouth Bass,Micropterus salmoides,fillet,Skin off,tissue,"Mercury, Total",Average of 350 mm Length-Adjusted,1.813638,ug/g ww,2021,2,38.14734508,-122.7778744,350,Passed,,14,0,
Surface Water Ambient Monitoring Program,SWAMP Sportfish Contamination in Lakes and Resrv,SWB Long-Term Monitoring of Bass Lk_Res 2021,201PSL093,Soulejoule Lake,NA,Largemouth Bass,Micropterus salmoides,whole organism,"Skin on, Scales On",tissue,"Mercury, Total",Average of Individuals,0.458667,ug/g ww,2021,2,38.14734508,-122.7778744,117.67,Passed,,3,0,
Surface Water Ambient Monitoring Program,SWAMP RWB2 Monitoring,RWB2 Tomales Bay Mercury TMDL Monitoring FY1920,201WLKD19,Walker Creek Delta Roar Pickle A,NA,Pacific Staghorn Sculpin,Leptocottus armatus,whole organism,"Skin on, Scales On",tissue,"Mercury, Total",Average of Individuals,0.114,ug/g ww,2019,2,38.21507,-122.92558,125,Some review needed,"BatchVerification:VAC,VMD; QACode:H",1,0,
Surface Water Ambient Monitoring Program,SWAMP Sportfish Coastal Zones,Statewide Coast Sportfish Contamination Study 2009,20246PPTH,Pillar Point Harbor,NA,Black Perch,Embiotoca jacksoni,fillet,Skin off,tissue,"Mercury, Total",Average of Individuals,0.0605,ug/g ww,2009,2,37.501376,-122.4783349,209.67,Some review needed,ResultQualCode:DNQ,6,0,
Surface Water Ambient Monitoring Program,SWAMP Sportfish Coastal Zones,Statewide Coast Sportfish Contamination Study 2020,20246PPTH,Pillar Point Harbor,NA,California Halibut,Paralichthys californicus,fillet,Skin off,tissue,"Mercury, Total",Average of Individuals,0.073,ug/g ww,2020,2,37.501376,-122.4783349,632,Passed,,1,0,
Surface Water Ambient Monitoring Program,SWAMP Sportfish Coastal Zones,Statewide Coast Sportfish Contamination Study 2009,20246PPTH,Pillar Point Harbor,NA,Shiner Surfperch,Cymatogaster aggregata,fillet,Skin off,tissue,"Mercury, Total",Average of Individuals,0.064444,ug/g ww,2009,2,37.501376,-122.4783349,118.22,Some review needed,ResultQualCode:DNQ,9,0,
Surface Water Ambient Monitoring Program,SWAMP Sportfish Coastal Zones,Statewide Coast Sportfish Contamination Study 2009,20246PPTH,Pillar Point Harbor,NA,White Surfperch,Phanerodon furcatus,fillet,Skin off,tissue,"Mercury, Total",Average of Individuals,0.067429,ug/g ww,2009,2,37.501376,-122.4783349,211,Some review needed,ResultQualCode:DNQ,7,0,
Surface Water Ambient Monitoring Program,SWAMP Sportfish Coastal Zones,Statewide Coast Sportfish Contamination Study 2009,20247HMBC,Half Moon Bay Coast,NA,Barred Surfperch,Amphistichus argenteus,fillet,Skin off,tissue,"Mercury, Total",Average of Individuals,0.1986,ug/g ww,2009,2,37.32042,-122.53064,259.4,Passed,,10,0,
Surface Water Ambient Monitoring Program,SWAMP Sportfish Coastal Zones,Statewide Coast Sportfish Contamination Study 2009,20247HMBC,Half Moon Bay Coast,NA,Blue Rockfish,Sebastes mystinus,fillet,Skin off,tissue,"Mercury, Total",Average of Individuals,0.074333,ug/g ww,2009,2,37.32042,-122.53064,303.17,Passed,,6,0,
Surface Water Ambient Monitoring Program,SWAMP Sportfish Coastal Zones,Statewide Coast Sportfish Contamination Study 2010,20247HMBC,Half Moon Bay Coast,NA,Blue Rockfish,Sebastes mystinus,fillet,Skin off,tissue,"Mercury, Total",Average of Individuals,0.07,ug/g ww,2010,2,37.32042,-122.53064,282.25,Some review needed,ResultQualCode:DNQ,4,0,
Surface Water Ambient Monitoring Program,SWAMP Sportfish Coastal Zones,Statewide Coast Sportfish Contamination Study 2020,20247HMBC,Half Moon Bay Coast,NA,Brown Rockfish,Sebastes auriculatus,fillet,Skin off,tissue,"Mercury, Total",Average of Individuals,0.2209,ug/g ww,2020,2,37.32042,-122.53064,318.5,Passed,,10,0,
Surface Water Ambient Monitoring Program,SWAMP Sportfish Coastal Zones,Statewide Coast Sportfish Contamination Study 2020,20247HMBC,Half Moon Bay Coast,NA,Yellowtail Rockfish,Sebastes flavidus,fillet,Skin off,tissue,"Mercury, Total",Average of Individuals,0.0565,ug/g ww,2020,2,37.32042,-122.53064,297.5,Passed,,2,0,
Surface Water Ambient Monitoring Program,SWAMP Sportfish Coastal Zones,Statewide Coast Sportfish Contamination Study 2009,20248PACC,Pacifica Coast,NA,Blue Rockfish,Sebastes mystinus,fillet,Skin off,tissue,"Mercury, Total",Average of Individuals,0.083333,ug/g ww,2009,2,37.60257954,-122.5360977,367,Passed,,3,0,
Surface Water Ambient Monitoring Program,SWAMP Sportfish Coastal Zones,Statewide Coast Sportfish Contamination Study 2009,20249SSFC,San Francisco Coast,NA,Barred Surfperch,Amphistichus argenteus,fillet,Skin off,tissue,"Mercury, Total",Average of Individuals,0.1362,ug/g ww,2009,2,37.7364655,-122.5181055,198.6,Passed,,5,0,
Surface Water Ambient Monitoring Program,SWAMP Sportfish Contamination in Lakes and Resrv,Statewide Lakes Sportfish Low Contam. Study 2014,202LKMRCD,Lake Merced,NA,Largemouth Bass,Micropterus salmoides,fillet,Skin off,tissue,"Mercury, Total",Average of 350 mm Length-Adjusted,0.389108,ug/g ww,2014,2,37.72728,-122.497184,350,Passed,,11,0,
Surface Water Ambient Monitoring Program,SWAMP Sportfish Contamination in Lakes and Resrv,Statewide Lakes Sportfish Low Contam. Study 2014,202LKMRCD,Lake Merced,NA,Rainbow Trout,Oncorhynchus mykiss,fillet,Skin off,tissue,"Mercury, Total",Average of Individuals,0.0231,ug/g ww,2014,2,37.72728,-122.497184,298.9,Passed,,10,0,
Surface Water Ambient Monitoring Program,SWAMP Sportfish Contamination in Lakes and Resrv,SWB Monitoring of Lk_Res 2016,203TEMLAK,Lake Temescal,NA,Largemouth Bass,Micropterus salmoides,fillet,Skin off,tissue,"Mercury, Total",Average of 350 mm Length-Adjusted,0.301394,ug/g ww,2016,2,37.846406,-122.230386,350,Passed,,11,0,
Surface Water Ambient Monitoring Program,SWAMP RWB2 Monitoring,RWB2 EBRPD Fish Bioaccumulation Study 2013,203TEMLAK,Lake Temescal,NA,Largemouth Bass,Micropterus salmoides,fillet,Skin off,tissue,"Mercury, Total",Average of 350 mm Length-Adjusted,0.159092,ug/g ww,2013,2,37.846406,-122.230386,350,Passed,,11,0,
Surface Water Ambient Monitoring Program,SWAMP RWB2 Monitoring,RWB2 Lakes Sportfish Contamination Study 2004 2005,204AMO065,Shadow Cliffs Reservoir,NA,Rainbow Trout,Oncorhynchus mykiss,fillet,Skin off,tissue,"Mercury, Total",Average of Individuals,0.0045,ug/g ww,2005,2,37.66808,-121.83265,430,Some review needed,QACode:VH,2,2,Calculation includes ND results
Surface Water Ambient Monitoring Program,SWAMP Sportfish Contamination in Lakes and Resrv,Statewide Lakes Sportfish Contamination Study 2008,204PDV169,Lake del Valle,L1,Largemouth Bass,Micropterus salmoides,fillet,Skin off,tissue,"Mercury, Total",Average of 350 mm Length-Adjusted L1,0.539166,ug/g ww,2008,2,37.58954,-121.71446,350,Passed,,11,0,
Surface Water Ambient Monitoring Program,SWAMP Sportfish Contamination in Lakes and Resrv,SWB Long-Term Monitoring of Bass Lk_Res 2021,204PDV169,Lake del Valle,NA,Largemouth Bass,Micropterus salmoides,fillet,Skin off,tissue,"Mercury, Total",Average of 350 mm Length-Adjusted,0.595912,ug/g ww,2021,2,37.58954,-121.71446,350,Passed,,14,0,
Surface Water Ambient Monitoring Program,SWAMP Sportfish Contamination in Lakes and Resrv,Statewide Lakes Sportfish Contamination Study 2008,204PSC113,Shadow Cliffs Reservoir_BOG,L1,Largemouth Bass,Micropterus salmoides,fillet,Skin off,tissue,"Mercury, Total",Average of 350 mm Length-Adjusted L1,0.379901,ug/g ww,2008,2,37.66963,-121.83581,350,Passed,,11,0,
Surface Water Ambient Monitoring Program,SWAMP Sportfish Contamination in Lakes and Resrv,SWB Long-Term Monitoring of Bass Lk_Res 2021,204PSC113,Shadow Cliffs Reservoir_BOG,NA,Largemouth Bass,Micropterus salmoides,fillet,Skin off,tissue,"Mercury, Total",Average of 350 mm Length-Adjusted,0.42843,ug/g ww,2021,2,37.66963,-121.83581,350,Passed,,16,0,
Surface Water Ambient Monitoring Program,SWAMP Sportfish Contamination in Lakes and Resrv,Statewide Lakes Sportfish Contamination Study 2007,204TC0114,Lower Crystal Springs Reserv,L1,Largemouth Bass,Micropterus salmoides,fillet,Skin off,tissue,"Mercury, Total",Average of 350 mm Length-Adjusted L1,0.75531,ug/g ww,2007,2,37.53133,-122.3713,350,Passed,,11,0,
Surface Water Ambient Monitoring Program,SWAMP Sportfish Contamination in Lakes and Resrv,SWB Long-Term Monitoring of Bass Lk_Res 2021,204TC0114,Lower Crystal Springs Reserv,NA,Largemouth Bass,Micropterus salmoides,fillet,Skin off,tissue,"Mercury, Total",Average of 350 mm Length-Adjusted,0.468369,ug/g ww,2021,2,37.53133,-122.3713,350,Passed,,14,0,
Surface Water Ambient Monitoring Program,SWAMP Sportfish Contamination in Lakes and Resrv,Statewide Lakes Sportfish Contamination Study 2007,204TC0122,Calaveras Reservoir,L1,Largemouth Bass,Micropterus salmoides,fillet,Skin off,tissue,"Mercury, Total",Average of 350 mm Length-Adjusted L1,0.762519,ug/g ww,2007,2,37.47051,-121.82042,350,Passed,,11,0,
Surface Water Ambient Monitoring Program,SWAMP Sportfish Contamination in Lakes and Resrv,SWB Long-Term Monitoring of Bass Lk_Res 2019,204TC0122,Calaveras Reservoir,L1,Largemouth Bass,Micropterus salmoides,fillet,Skin off,tissue,"Mercury, Total",Average of 350 mm Length-Adjusted L1,1.018057,ug/g ww,2019,2,37.47051,-121.82042,350,Passed,,14,0,
Surface Water Ambient Monitoring Program,SWAMP Sportfish Contamination in Lakes and Resrv,SWB Long-Term Monitoring of Bass Lk_Res 2019,204TC0122,Calaveras Reservoir,L2,Largemouth Bass,Micropterus salmoides,fillet,Skin off,tissue,"Mercury, Total",Average of 350 mm Length-Adjusted L2,0.918871,ug/g ww,2019,2,37.47051,-121.82042,350,Passed,,14,0,
Surface Water Ambient Monitoring Program,SWAMP Sportfish Contamination in Lakes and Resrv,Statewide Lakes Sportfish Contamination Study 2007,204TC0122,Calaveras Reservoir,L2,Largemouth Bass,Micropterus salmoides,fillet,Skin off,tissue,"Mercury, Total",Average of Individuals >=305 mm L2,0.396182,ug/g ww,2007,2,37.47051,-121.82042,405.27,Passed,,11,0,
Surface Water Ambient Monitoring Program,SWAMP Sportfish Contamination in Lakes and Resrv,Statewide Lakes Sportfish Contamination Study 2007,204TC0514,Lake Chabot (San Leandro)_BOG,L1,Largemouth Bass,Micropterus salmoides,fillet,Skin off,tissue,"Mercury, Total",Average of Individuals >=305 mm L1,0.542429,ug/g ww,2007,2,37.72062,-122.10636,332.64,Passed,,7,0,
Surface Water Ambient Monitoring Program,SWAMP Sportfish Contamination in Lakes and Resrv,SWB Long-Term Monitoring of Bass Lk_Res 2019,204TC0514,Lake Chabot (San Leandro)_BOG,NA,Largemouth Bass,Micropterus salmoides,fillet,Skin off,tissue,"Mercury, Total",Average of 350 mm Length-Adjusted,0.934413,ug/g ww,2019,2,37.72062,-122.10636,350,Passed,,14,0,
Surface Water Ambient Monitoring Program,SWAMP Sportfish Contamination in Lakes and Resrv,Statewide Lakes Sportfish Contamination Study 2007,204TL0138,Upper San Leandro Reservoir,L1,Largemouth Bass,Micropterus salmoides,fillet,Skin off,tissue,"Mercury, Total",Average of Individuals >=305 mm L1,1.144,ug/g ww,2007,2,37.77606,-122.11748,388.91,Passed,,10,0,
Surface Water Ambient Monitoring Program,SWAMP Sportfish Contamination in Lakes and Resrv,SWB Long-Term Monitoring of Bass Lk_Res 2017,204TL0138,Upper San Leandro Reservoir,NA,Largemouth Bass,Micropterus salmoides,fillet,Skin off,tissue,"Mercury, Total",Average of 350 mm Length-Adjusted,0.843724,ug/g ww,2017,2,37.77606,-122.11748,350,Passed,,11,0,
Surface Water Ambient Monitoring Program,SWAMP Sportfish Contamination in Lakes and Resrv,SWB Long-Term Monitoring of Bass Lk_Res 2019,205ALMDNR,Almaden Reservoir,NA,Largemouth Bass,Micropterus salmoides,fillet,Skin off,tissue,"Mercury, Total",Average of 350 mm Length-Adjusted,2.711049,ug/g ww,2019,2,37.16245,-121.83106,350,Passed,,14,0,
Surface Water Ambient Monitoring Program,SWAMP Sportfish Contamination in Lakes and Resrv,SWB Long-Term Monitoring of Bass Lk_Res 2019,205ALMDNR,Almaden Reservoir,NA,Redear Sunfish,Lepomis microlophus,fillet,Skin off,tissue,"Mercury, Total",Average of Individuals,1.11425,ug/g ww,2019,2,37.16245,-121.83106,123.25,Passed,,4,0,
Surface Water Ambient Monitoring Program,SWAMP RWB2 Monitoring,RWB2 Lakes Sportfish Contamination Study 2004 2005,205COY500,Anderson Reservoir,NA,Channel Catfish,Ictalurus punctatus,fillet,Skin off,tissue,"Mercury, Total",Average of Individuals,1.35,ug/g ww,2004,2,37.16265,-121.61243,360,Some review needed,QACode:VH,1,0,
Surface Water Ambient Monitoring Program,SWAMP RWB2 Monitoring,RWB2 Lakes Sportfish Contamination Study 2004 2005,205COY500,Anderson Reservoir,NA,Channel Catfish,Ictalurus punctatus,fillet,Skin off,tissue,"Mercury, Total",Average of Individuals,0.8535,ug/g ww,2005,2,37.16265,-121.61243,630.5,Some review needed,QACode:VH,2,0,
Surface Water Ambient Monitoring Program,SWAMP RWB2 Monitoring,RWB2 Lake Vasona Bioaccumulation Study 2011,205CPP002,Camden Percolation Pond across from Page Desilting Basin #2,NA,Largemouth Bass,Micropterus salmoides,fillet,Skin off,tissue,"Mercury, Total",Average of 350 mm Length-Adjusted,0.08283,ug/g ww,2011,2,37.26474,-121.95236,350,Passed,,8,0,
Surface Water Ambient Monitoring Program,SWAMP RWB2 Monitoring,RWB2 Lake Vasona Bioaccumulation Study 2011,205CPP003,Camden Percolation Pond below Los Gatos Creek Park #3,NA,Largemouth Bass,Micropterus salmoides,fillet,Skin off,tissue,"Mercury, Total",Average of Individuals >=305 mm,0.074,ug/g ww,2011,2,37.26696,-121.95138,344.44,Passed,,9,0,
Surface Water Ambient Monitoring Program,SWAMP RWB2 Monitoring,RWB2 Lakes Sportfish Contamination Study 2004 2005,205LSG150,Lexington Reservoir,NA,White Catfish,Ameiurus catus,fillet,Skin off,tissue,"Mercury, Total",Average of Individuals,0.12,ug/g ww,2005,2,37.17349,-121.9856,267,Some review needed,QACode:VH,1,0,
Surface Water Ambient Monitoring Program,SWAMP Sportfish Contamination in Lakes and Resrv,Statewide Lakes Sportfish Contamination Study 2007,205PAD016,Anderson Lake_BOG,L1,Largemouth Bass,Micropterus salmoides,fillet,Skin off,tissue,"Mercury, Total",Average of 350 mm Length-Adjusted L1,0.971322,ug/g ww,2007,2,37.16265,-121.61243,350,Passed,,11,0,
Surface Water Ambient Monitoring Program,SWAMP Sportfish Contamination in Lakes and Resrv,Statewide Lakes Sportfish Contamination Study 2008,205PAL221,Almaden Lake,L1,Largemouth Bass,Micropterus salmoides,fillet,Skin off,tissue,"Mercury, Total",Average of 350 mm Length-Adjusted L1,2.193198,ug/g ww,2008,2,37.241,-121.87131,350,Passed,,11,0,
Surface Water Ambient Monitoring Program,SWAMP Sportfish Contamination in Lakes and Resrv,SWB Long-Term Monitoring of Bass Lk_Res 2017,205PCL212,Coyote Lake,NA,Black Crappie,Pomoxis nigromaculatus,fillet,Skin off,tissue,"Mercury, Total",Average of Individuals,0.647,ug/g ww,2017,2,37.09221,-121.53711,290,Passed,,1,0,
Surface Water Ambient Monitoring Program,SWAMP Sportfish Contamination in Lakes and Resrv,Statewide Lakes Sportfish Contamination Study 2008,205PCL212,Coyote Lake,L1,Largemouth Bass,Micropterus salmoides,fillet,Skin off,tissue,"Mercury, Total",Average of 350 mm Length-Adjusted L1,0.744178,ug/g ww,2008,2,37.09221,-121.53711,350,Passed,,11,0,
Surface Water Ambient Monitoring Program,SWAMP Sportfish Contamination in Lakes and Resrv,SWB Monitoring of Lk_Res 2016,205PCL212,Coyote Lake,NA,Largemouth Bass,Micropterus salmoides,fillet,Skin off,tissue,"Mercury, Total",Average of 350 mm Length-Adjusted,0.67339,ug/g ww,2016,2,37.09221,-121.53711,350,Passed,,11,0,
Surface Water Ambient Monitoring Program,SWAMP Sportfish Contamination in Lakes and Resrv,SWB Long-Term Monitoring of Bass Lk_Res 2017,205PCL212,Coyote Lake,NA,Largemouth Bass,Micropterus salmoides,fillet,Skin off,tissue,"Mercury, Total",Average of 350 mm Length-Adjusted,0.818776,ug/g ww,2017,2,37.09221,-121.53711,350,Passed,,11,0,
Surface Water Ambient Monitoring Program,SWAMP Sportfish Contamination in Lakes and Resrv,Statewide Lakes Sportfish Contamination Study 2008,205PCR128,Calero Reservoir,L1,Largemouth Bass,Micropterus salmoides,fillet,Skin off,tissue,"Mercury, Total",Average of 350 mm Length-Adjusted L1,1.104615,ug/g ww,2008,2,37.17839,-121.77731,350,Passed,,16,0,
Surface Water Ambient Monitoring Program,SWAMP Sportfish Contamination in Lakes and Resrv,SWB Long-Term Monitoring of Bass Lk_Res 2021,205PCR128,Calero Reservoir,NA,Largemouth Bass,Micropterus salmoides,fillet,Skin off,tissue,"Mercury, Total",Average of 350 mm Length-Adjusted,0.501138,ug/g ww,2021,2,37.17839,-121.77731,350,Passed,,14,0,
Surface Water Ambient Monitoring Program,SWAMP Sportfish Contamination in Lakes and Resrv,SWB Long-Term Monitoring of Bass Lk_Res 2019,205PLR144,Lexington Reservoir_BOG,NA,Largemouth Bass,Micropterus salmoides,fillet,Skin off,tissue,"Mercury, Total",Average of 350 mm Length-Adjusted,0.552534,ug/g ww,2019,2,37.17349,-121.9856,350,Passed,,12,0,
Surface Water Ambient Monitoring Program,SWAMP Sportfish Contamination in Lakes and Resrv,SWB Long-Term Monitoring of Bass Lk_Res 2019,205PLR144,Lexington Reservoir_BOG,NA,Spotted Bass,Micropterus punctulatus,fillet,Skin off,tissue,"Mercury, Total",Average of 350 mm Length-Adjusted,0.702961,ug/g ww,2019,2,37.17349,-121.9856,350,Passed,,14,0,
Surface Water Ambient Monitoring Program,SWAMP Sportfish Contamination in Lakes and Resrv,Statewide Lakes Sportfish Contamination Study 2008,205PLV218,Lake Vasona,L1,Largemouth Bass,Micropterus salmoides,fillet,Skin off,tissue,"Mercury, Total",Average of Individuals >=305 mm L1,0.179125,ug/g ww,2008,2,37.2439,-121.96902,334.64,Passed,,8,0,
Surface Water Ambient Monitoring Program,SWAMP Sportfish Contamination in Lakes and Resrv,SWB Long-Term Monitoring of Bass Lk_Res 2015,205PLV218,Lake Vasona,NA,Largemouth Bass,Micropterus salmoides,fillet,Skin off,tissue,"Mercury, Total",Average of 350 mm Length-Adjusted,0.139382,ug/g ww,2015,2,37.2439,-121.96902,350,Passed,,11,0,
Surface Water Ambient Monitoring Program,SWAMP RWB2 Monitoring,RWB2 Lake Vasona Bioaccumulation Study 2011,205PLV218,Lake Vasona,NA,Largemouth Bass,Micropterus salmoides,fillet,Skin off,tissue,"Mercury, Total",Average of 350 mm Length-Adjusted,0.169967,ug/g ww,2011,2,37.2439,-121.96902,350,Passed,,10,0,
Surface Water Ambient Monitoring Program,SWAMP Sportfish Contamination in Lakes and Resrv,Statewide Lakes Sportfish Contamination Study 2007,205PSC048,Stevens Creek Reservoir,L1,Largemouth Bass,Micropterus salmoides,fillet,Skin off,tissue,"Mercury, Total",Average of 350 mm Length-Adjusted L1,0.756086,ug/g ww,2007,2,37.2958,-122.0789,350,Passed,,11,0,
Surface Water Ambient Monitoring Program,SWAMP Sportfish Contamination in Lakes and Resrv,SWB Long-Term Monitoring of Bass Lk_Res 2019,205PSC048,Stevens Creek Reservoir,NA,Largemouth Bass,Micropterus salmoides,fillet,Skin off,tissue,"Mercury, Total",Average of Individuals >=305 mm,0.74,ug/g ww,2019,2,37.2958,-122.0789,347.57,Passed,,10,0,
Surface Water Ambient Monitoring Program,SWAMP Sportfish Contamination in Lakes and Resrv,SWB Long-Term Monitoring of Bass Lk_Res 2019,205ST0538,Guadalupe Reservoir-205ST0538,NA,Bluegill,Lepomis macrochirus,fillet,Skin off,tissue,"Mercury, Total",Average of Individuals,1.0344,ug/g ww,2019,2,37.1925,-121.8727,128.6,Passed,,5,0,
Surface Water Ambient Monitoring Program,SWAMP Sportfish Contamination in Lakes and Resrv,SWB Long-Term Monitoring of Bass Lk_Res 2019,205ST0538,Guadalupe Reservoir-205ST0538,NA,Largemouth Bass,Micropterus salmoides,fillet,Skin off,tissue,"Mercury, Total",Average of 350 mm Length-Adjusted,4.275,ug/g ww,2019,2,37.1925,-121.8727,350,Passed,,15,0,
Surface Water Ambient Monitoring Program,SWAMP Sportfish Contamination in Lakes and Resrv,SWB Long-Term Monitoring of Bass Lk_Res 2019,205ST0538,Guadalupe Reservoir-205ST0538,NA,Rainbow Trout,Oncorhynchus mykiss,fillet,Skin off,tissue,"Mercury, Total",Average of Individuals,3.815,ug/g ww,2019,2,37.1925,-121.8727,252.5,Passed,,4,0,
Surface Water Ambient Monitoring Program,SWAMP Sportfish Contamination in Lakes and Resrv,Statewide Lakes Sportfish Contamination Study 2007,205TU0132,Oiger Quarry Ponds,L1,Largemouth Bass,Micropterus salmoides,fillet,Skin off,tissue,"Mercury, Total",Average of 350 mm Length-Adjusted L1,0.407893,ug/g ww,2007,2,37.18304,-121.69343,350,Passed,,11,0,
Surface Water Ambient Monitoring Program,SWAMP Sportfish Contamination in Lakes and Resrv,SWB Long-Term Monitoring of Bass Lk_Res 2019,205TU0132,Oiger Quarry Ponds,NA,Largemouth Bass,Micropterus salmoides,fillet,Skin off,tissue,"Mercury, Total",Average of 350 mm Length-Adjusted,0.457476,ug/g ww,2019,2,37.18304,-121.69343,350,Passed,,14,0,
Surface Water Ambient Monitoring Program,SWAMP Wildlife Contamination in Lakes and Resrv,Statewide Lakes Wildlife Contamination Study 2013,206LHENSY,Lake Hennessey,NA,Largemouth Bass,Micropterus salmoides,fillet,Skin off,tissue,"Mercury, Total",Average of Individuals >=305 mm,0.4528,ug/g ww,2013,2,38.48947,-122.375956,363.4,Passed,,10,0,
Surface Water Ambient Monitoring Program,SWAMP Sportfish Contamination in Lakes and Resrv,Statewide Lakes Sportfish Contamination Study 2007,206PLC157,Lake Chabot (Vallejo),L1,Largemouth Bass,Micropterus salmoides,fillet,Skin off,tissue,"Mercury, Total",Average of 350 mm Length-Adjusted L1,0.416296,ug/g ww,2007,2,38.13618,-122.23565,350,Passed,,11,0,
Surface Water Ambient Monitoring Program,SWAMP Sportfish Contamination in Lakes and Resrv,SWB Long-Term Monitoring of Bass Lk_Res 2021,206PLC157,Lake Chabot (Vallejo),NA,Largemouth Bass,Micropterus salmoides,fillet,Skin off,tissue,"Mercury, Total",Average of 350 mm Length-Adjusted,0.40664,ug/g ww,2021,2,38.13618,-122.23565,350,Passed,,14,0,
Surface Water Ambient Monitoring Program,SWAMP Sportfish Contamination in Lakes and Resrv,Statewide Lakes Sportfish Contamination Study 2007,206PSP205,San Pablo Reservoir,L1,Largemouth Bass,Micropterus salmoides,fillet,Skin off,tissue,"Mercury, Total",Average of 350 mm Length-Adjusted L1,0.511974,ug/g ww,2007,2,37.92298363,-122.237903,350,Passed,,11,0,
Surface Water Ambient Monitoring Program,SWAMP Sportfish Contamination in Lakes and Resrv,SWB Long-Term Monitoring of Bass Lk_Res 2017,206PSP205,San Pablo Reservoir,NA,Largemouth Bass,Micropterus salmoides,fillet,Skin off,tissue,"Mercury, Total",Average of 350 mm Length-Adjusted,0.604825,ug/g ww,2017,2,37.92298363,-122.237903,350,Passed,,11,0,
Surface Water Ambient Monitoring Program,SWAMP Sportfish Contamination in Lakes and Resrv,SWB Long-Term Monitoring of Bass Lk_Res 2023,206PSP205,San Pablo Reservoir,NA,Largemouth Bass,Micropterus salmoides,fillet,Skin off,tissue,"Mercury, Total",Average of 350 mm Length-Adjusted,1.067029,ug/g ww,2023,2,37.92298363,-122.237903,350,Passed,,14,0,
Surface Water Ambient Monitoring Program,SWAMP Sportfish Contamination in Lakes and Resrv,SWB Monitoring of Lk_Res 2016,206STAFLK,Stafford Lake,NA,Largemouth Bass,Micropterus salmoides,fillet,Skin off,tissue,"Mercury, Total",Average of 350 mm Length-Adjusted,0.473081,ug/g ww,2016,2,38.11392,-122.64416,350,Passed,,11,0,
Surface Water Ambient Monitoring Program,SWAMP Sportfish Contamination in Lakes and Resrv,Statewide Lakes Sportfish Contamination Study 2007,206TB0298,Briones Reservoir,L1,Largemouth Bass,Micropterus salmoides,fillet,Skin off,tissue,"Mercury, Total",Average of Individuals >=305 mm L1,0.285562,ug/g ww,2007,2,37.92423,-122.19054,444.56,Passed,,16,0,
Surface Water Ambient Monitoring Program,SWAMP Sportfish Contamination in Lakes and Resrv,Statewide Lakes Sportfish Contamination Study 2007,206TH0126,Lake Henne,L1,Largemouth Bass,Micropterus salmoides,fillet,Skin off,tissue,"Mercury, Total",Average of 350 mm Length-Adjusted L1,0.405654,ug/g ww,2007,2,38.58773,-122.46204,350,Passed,,16,0,
Surface Water Ambient Monitoring Program,SWAMP Sportfish Contamination in Lakes and Resrv,SWB Long-Term Monitoring of Bass Lk_Res 2019,206TH0126,Lake Henne,NA,Largemouth Bass,Micropterus salmoides,fillet,Skin off,tissue,"Mercury, Total",Average of 350 mm Length-Adjusted,0.553052,ug/g ww,2019,2,38.58773,-122.46204,350,Passed,,14,0,
Surface Water Ambient Monitoring Program,SWAMP Sportfish Contamination in Lakes and Resrv,Statewide Lakes Sportfish Contamination Study 2008,207PLF001,Lafayette Reservoir_BOG,L1,Largemouth Bass,Micropterus salmoides,fillet,Skin off,tissue,"Mercury, Total",Average of 350 mm Length-Adjusted L1,0.332587,ug/g ww,2008,2,37.88237,-122.14128,350,Passed,,11,0,
Surface Water Ambient Monitoring Program,SWAMP Sportfish Contamination in Lakes and Resrv,SWB Long-Term Monitoring of Bass Lk_Res 2021,207PLF001,Lafayette Reservoir_BOG,NA,Largemouth Bass,Micropterus salmoides,fillet,Skin off,tissue,"Mercury, Total",Average of 350 mm Length-Adjusted,0.166621,ug/g ww,2021,2,37.88237,-122.14128,350,Passed,,14,0,
Surface Water Ambient Monitoring Program,SWAMP RWB2 Monitoring,RWB2 EBRPD Fish Bioaccumulation Study 2013,204SLE100,Lake Chabot,NA,Bluegill,Lepomis macrochirus,fillet,Skin off,tissue,"Mercury, Total",Average of Composites,0.081,ug/g ww,2013,2,37.72062,-122.10636,129.6,Passed,,5,0,
Surface Water Ambient Monitoring Program,SWAMP Sportfish Coastal Zones,Statewide Coast Sportfish Contamination Study 2009,20150FARI,Farallon Islands,NA,Gopher Rockfish,Sebastes carnatus,fillet,Skin off,tissue,"Mercury, Total",Average of Composites,0.289,ug/g ww,2009,2,37.70235815,-123.0300293,309.8,Passed,,5,0,
Surface Water Ambient Monitoring Program,SWAMP Sportfish Coastal Zones,Statewide Coast Sportfish Contamination Study 2009,20151SMAC,Southern Marin Coast,NA,Barred Surfperch,Amphistichus argenteus,"whole without Head, Tail and Guts","Skin on, Scales Off",tissue,"Mercury, Total",Average of Composites,0.201,ug/g ww,2009,2,37.888443,-122.720843,206.38,Passed,,8,0,
Surface Water Ambient Monitoring Program,SWAMP Sportfish Coastal Zones,Statewide Coast Sportfish Contamination Study 2009,20248PACC,Pacifica Coast,NA,Gopher Rockfish,Sebastes carnatus,fillet,Skin off,tissue,"Mercury, Total",Average of Composites,0.341,ug/g ww,2009,2,37.60257954,-122.5360977,302.8,Passed,,5,0,
Surface Water Ambient Monitoring Program,SWAMP RWB2 Monitoring,RWB2 Lakes Sportfish Contamination Study 2004 2005,205LSG150,Lexington Reservoir,NA,Largemouth Bass,Micropterus salmoides,fillet,Skin off,tissue,"Mercury, Total",Average of Composites,0.8,ug/g ww,2005,2,37.17349,-121.9856,340.67,Passed,,3,0,
Surface Water Ambient Monitoring Program,SWAMP Sportfish Contamination in Lakes and Resrv,SWB Monitoring of Lk_Res 2016,201ALPELK,Alpine Lake,NA,Bluegill,Lepomis macrochirus,fillet,Skin off,tissue,"Mercury, Total",Average of Composites,0.1385,ug/g ww,2016,2,37.94945,-122.62845,113.7,Passed,,9,0,
Surface Water Ambient Monitoring Program,SWAMP Sportfish Coastal Zones,Statewide Coast Sportfish Contamination Study 2009,20151SMAC,Southern Marin Coast,NA,White Croaker,Genyonemus lineatus,fillet,Skin off,tissue,"Mercury, Total",Average of Composites,0.208,ug/g ww,2009,2,37.888443,-122.720843,235.8,Passed,,5,0,
Surface Water Ambient Monitoring Program,SWAMP Sportfish Coastal Zones,Statewide Coast Sportfish Contamination Study 2009,20152TBAY,Tomales Bay,NA,Leopard shark,Triakis semifasciata,fillet,Skin off,tissue,"Mercury, Total",Average of Composites,1.22,ug/g ww,2009,2,38.187871,-122.927284,1182.33,Passed,,3,0,
Surface Water Ambient Monitoring Program,SWAMP Sportfish Coastal Zones,Statewide Coast Sportfish Contamination Study 2009,20152TBAY,Tomales Bay,NA,Brown Smooth-hound Shark,Mustelus henlei,fillet,Skin off,tissue,"Mercury, Total",Average of Composites,0.832,ug/g ww,2009,2,38.187871,-122.927284,838.67,Passed,,3,0,
Surface Water Ambient Monitoring Program,SWAMP Sportfish Coastal Zones,Statewide Coast Sportfish Contamination Study 2020,20152TBAY,Tomales Bay,NA,California Halibut,Paralichthys californicus,fillet,Skin off,tissue,"Mercury, Total",Average of Composites,0.129,ug/g ww,2020,2,38.187871,-122.927284,661.67,Passed,,3,0,
Surface Water Ambient Monitoring Program,SWAMP Sportfish Coastal Zones,Statewide Coast Sportfish Contamination Study 2009,20152TBAY,Tomales Bay,NA,Top Smelt,Atherinops affinis,"whole without Head, Tail and Guts","Skin on, Scales Off",tissue,"Mercury, Total",Average of Composites,0.052,ug/g ww,2009,2,38.187871,-122.927284,254.17,Passed,,6,0,
Surface Water Ambient Monitoring Program,SWAMP Sportfish Coastal Zones,Statewide Coast Sportfish Contamination Study 2009,20152TBAY,Tomales Bay,NA,White Surfperch,Phanerodon furcatus,"whole without Head, Tail and Guts","Skin on, Scales Off",tissue,"Mercury, Total",Average of Composites,0.041,ug/g ww,2009,2,38.187871,-122.927284,115.71,Passed,,13,0,
Surface Water Ambient Monitoring Program,SWAMP Sportfish Coastal Zones,Statewide Coast Sportfish Contamination Study 2009,20153NMRC,Northern Marin Coast,NA,Brown Rockfish,Sebastes auriculatus,fillet,Skin off,tissue,"Mercury, Total",Average of Composites,0.242,ug/g ww,2009,2,38.21325308,-122.9961377,291.6,Passed,,5,0,
Surface Water Ambient Monitoring Program,SWAMP Sportfish Contamination in Lakes and Resrv,SWB Monitoring of Lk_Res 2016,201KENTLK,Kent Lake,NA,Bluegill,Lepomis macrochirus,fillet,Skin off,tissue,"Mercury, Total",Average of Composites,0.2675,ug/g ww,2016,2,37.98381,-122.69343,128.6,Passed,,10,0,
Surface Water Ambient Monitoring Program,SWAMP RWB2 Monitoring,RWB2 Lakes Sportfish Contamination Study 2004 2005,201LAG400,Bon Tempe Lake,NA,Bluegill,Lepomis macrochirus,fillet,Skin off,tissue,"Mercury, Total",Average of Composites,0.0985,ug/g ww,2005,2,37.95579,-122.60005,160.71,Passed,,14,0,
Surface Water Ambient Monitoring Program,SWAMP RWB2 Monitoring,RWB2 Lakes Sportfish Contamination Study 2004 2005,201LAG400,Bon Tempe Lake,NA,Largemouth Bass,Micropterus salmoides,fillet,Skin off,tissue,"Mercury, Total",Average of Composites,0.427,ug/g ww,2005,2,37.95579,-122.60005,374,Passed,,4,0,
Surface Water Ambient Monitoring Program,SWAMP Sportfish Contamination in Lakes and Resrv,SWB Long-Term Monitoring of Bass Lk_Res 2021,201PSL093,Soulejoule Lake,NA,Brown Bullhead,Ameiurus nebulosus,fillet,Skin off,tissue,"Mercury, Total",Average of Composites,0.134,ug/g ww,2021,2,38.14734508,-122.7778744,303.6,Passed,,10,0,
Surface Water Ambient Monitoring Program,SWAMP Sportfish Contamination in Lakes and Resrv,SWB Long-Term Monitoring of Bass Lk_Res 2017,201PNL105,Nicasio Lake,NA,Black Crappie,Pomoxis nigromaculatus,fillet,Skin off,tissue,"Mercury, Total",Average of Composites,0.184,ug/g ww,2017,2,38.07682,-122.73043,170,Passed,,4,0,
Surface Water Ambient Monitoring Program,SWAMP Sportfish Coastal Zones,Statewide Coast Sportfish Contamination Study 2020,20246PPTH,Pillar Point Harbor,NA,Black Perch,Embiotoca jacksoni,fillet,Skin off,tissue,"Mercury, Total",Average of Composites,0.039,ug/g ww,2020,2,37.501376,-122.4783349,169.6,Passed,,5,0,
Surface Water Ambient Monitoring Program,SWAMP Sportfish Coastal Zones,Statewide Coast Sportfish Contamination Study 2020,20246PPTH,Pillar Point Harbor,NA,White Croaker,Genyonemus lineatus,fillet,Skin off,tissue,"Mercury, Total",Average of Composites,0.073,ug/g ww,2020,2,37.501376,-122.4783349,231.8,Passed,,5,0,
Surface Water Ambient Monitoring Program,SWAMP Sportfish Coastal Zones,Statewide Coast Sportfish Contamination Study 2020,20248PACC,Pacifica Coast,NA,Pacific Sanddab,Citharichthys sordidus,fillet,Skin off,tissue,"Mercury, Total",Average of Composites,0.053,ug/g ww,2020,2,37.60257954,-122.5360977,189,Passed,,6,0,
Surface Water Ambient Monitoring Program,SWAMP Sportfish Coastal Zones,Statewide Coast Sportfish Contamination Study 2020,20246PPTH,Pillar Point Harbor,NA,Rainbow Surfperch,Hypsurus caryi,fillet,Skin off,tissue,"Mercury, Total",Average of Composites,0.045,ug/g ww,2020,2,37.501376,-122.4783349,163.2,Passed,,5,0,
Surface Water Ambient Monitoring Program,SWAMP Sportfish Coastal Zones,Statewide Coast Sportfish Contamination Study 2020,20246PPTH,Pillar Point Harbor,NA,Surf Smelt,Hypomesus pretiosus,fillet,Skin off,tissue,"Mercury, Total",Average of Composites,0.067,ug/g ww,2020,2,37.501376,-122.4783349,135.2,Passed,,5,0,
Surface Water Ambient Monitoring Program,SWAMP Sportfish Coastal Zones,Statewide Coast Sportfish Contamination Study 2009,20246PPTH,Pillar Point Harbor,NA,Shiner Surfperch,Cymatogaster aggregata,"whole without Head, Tail and Guts","Skin on, Scales Off",tissue,"Mercury, Total",Average of Composites,0.058,ug/g ww,2009,2,37.501376,-122.4783349,115.58,Passed,,17,0,
Surface Water Ambient Monitoring Program,SWAMP Sportfish Coastal Zones,Statewide Coast Sportfish Contamination Study 2020,20246PPTH,Pillar Point Harbor,NA,Shiner Surfperch,Cymatogaster aggregata,"whole without Head, Tail and Guts","Skin on, Scales Off",tissue,"Mercury, Total",Average of Composites,0.046,ug/g ww,2020,2,37.501376,-122.4783349,114.12,Passed,,17,0,
Surface Water Ambient Monitoring Program,SWAMP Sportfish Coastal Zones,Statewide Coast Sportfish Contamination Study 2009,20246PPTH,Pillar Point Harbor,NA,Top Smelt,Atherinops affinis,"whole without Head, Tail and Guts","Skin on, Scales Off",tissue,"Mercury, Total",Average of Composites,0.085,ug/g ww,2009,2,37.501376,-122.4783349,235.36,Passed,,11,0,
Surface Water Ambient Monitoring Program,SWAMP Sportfish Coastal Zones,Statewide Coast Sportfish Contamination Study 2009,20246PPTH,Pillar Point Harbor,NA,White Croaker,Genyonemus lineatus,fillet,Skin off,tissue,"Mercury, Total",Average of Composites,0.103,ug/g ww,2009,2,37.501376,-122.4783349,240.8,Passed,,5,0,
Surface Water Ambient Monitoring Program,SWAMP RWB2 Monitoring,RWB2 Lakes Sportfish Contamination Study 2004 2005,204AMO065,Shadow Cliffs Reservoir,NA,Bluegill,Lepomis macrochirus,fillet,Skin off,tissue,"Mercury, Total",Average of Composites,0.1055,ug/g ww,2005,2,37.66808,-121.83265,179.83,Passed,,12,0,
Surface Water Ambient Monitoring Program,SWAMP Sportfish Coastal Zones,Statewide Coast Sportfish Contamination Study 2020,20246PPTH,Pillar Point Harbor,NA,White Surfperch,Phanerodon furcatus,fillet,Skin off,tissue,"Mercury, Total",Average of Composites,0.043,ug/g ww,2020,2,37.501376,-122.4783349,210,Passed,,5,0,
Surface Water Ambient Monitoring Program,SWAMP Sportfish Coastal Zones,Statewide Coast Sportfish Contamination Study 2009,20246PPTH,Pillar Point Harbor,NA,White Surfperch,Phanerodon furcatus,"whole without Head, Tail and Guts","Skin on, Scales Off",tissue,"Mercury, Total",Average of Composites,0.063,ug/g ww,2009,2,37.501376,-122.4783349,211,Passed,,7,0,
Surface Water Ambient Monitoring Program,SWAMP Sportfish Coastal Zones,Statewide Coast Sportfish Contamination Study 2020,20247HMBC,Half Moon Bay Coast,NA,Blue Rockfish,Sebastes mystinus,fillet,Skin off,tissue,"Mercury, Total",Average of Composites,0.091,ug/g ww,2020,2,37.32042,-122.53064,324.8,Passed,,5,0,
Surface Water Ambient Monitoring Program,SWAMP Sportfish Coastal Zones,Statewide Coast Sportfish Contamination Study 2009,20247HMBC,Half Moon Bay Coast,NA,Brown Rockfish,Sebastes auriculatus,fillet,Skin off,tissue,"Mercury, Total",Average of Composites,0.262,ug/g ww,2009,2,37.32042,-122.53064,361.33,Passed,,3,0,
Surface Water Ambient Monitoring Program,SWAMP Sportfish Coastal Zones,Statewide Coast Sportfish Contamination Study 2020,20247HMBC,Half Moon Bay Coast,NA,Canary Rockfish,Sebastes pinniger,fillet,Skin off,tissue,"Mercury, Total",Average of Composites,0.081,ug/g ww,2020,2,37.32042,-122.53064,392.2,Passed,,5,0,
Surface Water Ambient Monitoring Program,SWAMP Sportfish Coastal Zones,Statewide Coast Sportfish Contamination Study 2020,20247HMBC,Half Moon Bay Coast,NA,Deacon Rockfish,Sebastes diaconus,fillet,Skin off,tissue,"Mercury, Total",Average of Composites,0.033,ug/g ww,2020,2,37.32042,-122.53064,237.6,Passed,,5,0,
Surface Water Ambient Monitoring Program,SWAMP Sportfish Coastal Zones,Statewide Coast Sportfish Contamination Study 2009,20247HMBC,Half Moon Bay Coast,NA,Gopher Rockfish,Sebastes carnatus,fillet,Skin off,tissue,"Mercury, Total",Average of Composites,0.255,ug/g ww,2009,2,37.32042,-122.53064,286.2,Passed,,5,0,
Surface Water Ambient Monitoring Program,SWAMP Sportfish Coastal Zones,Statewide Coast Sportfish Contamination Study 2020,20247HMBC,Half Moon Bay Coast,NA,Jacksmelt,Atherinopsis californiensis,fillet,Skin off,tissue,"Mercury, Total",Average of Composites,0.083,ug/g ww,2020,2,37.32042,-122.53064,317.6,Passed,,5,0,
Surface Water Ambient Monitoring Program,SWAMP Sportfish Coastal Zones,Statewide Coast Sportfish Contamination Study 2009,20247HMBC,Half Moon Bay Coast,NA,Lingcod,Ophiodon elongatus,fillet,Skin off,tissue,"Mercury, Total",Average of Composites,0.268,ug/g ww,2009,2,37.32042,-122.53064,657.75,Passed,,4,0,
Surface Water Ambient Monitoring Program,SWAMP Sportfish Coastal Zones,Statewide Coast Sportfish Contamination Study 2020,20248PACC,Pacifica Coast,NA,Jacksmelt,Atherinopsis californiensis,fillet,Skin off,tissue,"Mercury, Total",Average of Composites,0.035,ug/g ww,2020,2,37.60257954,-122.5360977,237.8,Passed,,5,0,
Surface Water Ambient Monitoring Program,SWAMP Sportfish Coastal Zones,Statewide Coast Sportfish Contamination Study 2009,20248PACC,Pacifica Coast,NA,Lingcod,Ophiodon elongatus,fillet,Skin off,tissue,"Mercury, Total",Average of Composites,0.416,ug/g ww,2009,2,37.60257954,-122.5360977,732,Passed,,3,0,
Surface Water Ambient Monitoring Program,SWAMP RWB2 Monitoring,RWB2 Lakes Sportfish Contamination Study 2010,204AMO065,Shadow Cliffs Reservoir,NA,Channel Catfish,Ictalurus punctatus,fillet,Skin off,tissue,"Mercury, Total",Average of Composites,0.122667,ug/g ww,2010,2,37.66808,-121.83265,516.44,Passed,,9,0,
Surface Water Ambient Monitoring Program,SWAMP Sportfish Coastal Zones,Statewide Coast Sportfish Contamination Study 2009,20249SSFC,San Francisco Coast,NA,Barred Surfperch,Amphistichus argenteus,"whole without Head, Tail and Guts","Skin on, Scales Off",tissue,"Mercury, Total",Average of Composites,0.113,ug/g ww,2009,2,37.7364655,-122.5181055,198.6,Passed,,5,0,
Surface Water Ambient Monitoring Program,SWAMP Sportfish Coastal Zones,Statewide Coast Sportfish Contamination Study 2009,20249SSFC,San Francisco Coast,NA,White Croaker,Genyonemus lineatus,fillet,Skin off,tissue,"Mercury, Total",Average of Composites,0.238,ug/g ww,2009,2,37.7364655,-122.5181055,221.6,Passed,,5,0,
Surface Water Ambient Monitoring Program,SWAMP Sportfish Contamination in Lakes and Resrv,Statewide Lakes Sportfish Low Contam. Study 2014,202LKMRCD,Lake Merced,NA,Channel Catfish,Ictalurus punctatus,fillet,Skin off,tissue,"Mercury, Total",Average of Composites,0.155,ug/g ww,2014,2,37.72728,-122.497184,595.17,Passed,,6,0,
Surface Water Ambient Monitoring Program,SWAMP RWB2 Monitoring,RWB2 EBRPD Fish Bioaccumulation Study 2013,203TEMLAK,Lake Temescal,NA,Common Carp,Cyprinus carpio,fillet,Skin off,tissue,"Mercury, Total",Average of Composites,0.118,ug/g ww,2013,2,37.846406,-122.230386,692.8,Passed,,5,0,
Surface Water Ambient Monitoring Program,SWAMP Sportfish Contamination in Lakes and Resrv,Statewide Lakes Sportfish Contamination Study 2007,202TP0362,Pilarcitos Lake,NA,Rainbow Trout,Oncorhynchus mykiss,fillet,Skin off,tissue,"Mercury, Total",Average of Composites,0.263,ug/g ww,2007,2,37.55467,-122.43232,258.67,Passed,,7,0,
Surface Water Ambient Monitoring Program,SWAMP Sportfish Contamination in Lakes and Resrv,SWB Monitoring of Lk_Res 2016,203TEMLAK,Lake Temescal,NA,Bluegill,Lepomis macrochirus,fillet,Skin off,tissue,"Mercury, Total",Average of Composites,0.084,ug/g ww,2016,2,37.846406,-122.230386,162.33,Passed,,3,0,
Surface Water Ambient Monitoring Program,SWAMP RWB2 Monitoring,RWB2 EBRPD Fish Bioaccumulation Study 2013,203TEMLAK,Lake Temescal,NA,Green Sunfish,Lepomis cyanellus,fillet,Skin off,tissue,"Mercury, Total",Average of Composites,0.078,ug/g ww,2013,2,37.846406,-122.230386,149.93,Passed,,15,0,
Surface Water Ambient Monitoring Program,SWAMP Sportfish Contamination in Lakes and Resrv,SWB Monitoring of Lk_Res 2016,203TEMLAK,Lake Temescal,NA,Green Sunfish,Lepomis cyanellus,fillet,Skin off,tissue,"Mercury, Total",Average of Composites,0.083,ug/g ww,2016,2,37.846406,-122.230386,144.67,Passed,,3,0,
Surface Water Ambient Monitoring Program,SWAMP RWB2 Monitoring,RWB2 EBRPD Fish Bioaccumulation Study 2013,203TEMLAK,Lake Temescal,NA,Rainbow Trout,Oncorhynchus mykiss,fillet,Skin off,tissue,"Mercury, Total",Average of Composites,0.067,ug/g ww,2013,2,37.846406,-122.230386,398,Passed,,5,0,
Surface Water Ambient Monitoring Program,SWAMP RWB2 Monitoring,RWB2 Lakes Sportfish Contamination Study 2010,204ALA040,"Horseshoe Lake, Quarry Lakes",NA,Channel Catfish,Ictalurus punctatus,fillet,Skin off,tissue,"Mercury, Total",Average of Composites,0.023,ug/g ww,2010,2,37.576777,-122.006241,450.53,Some review needed,ResultQualCode:DNQ,15,5,Calculation includes ND results
Surface Water Ambient Monitoring Program,SWAMP RWB2 Monitoring,RWB2 Lakes Sportfish Contamination Study 2004 2005,204AMO065,Shadow Cliffs Reservoir,NA,Channel Catfish,Ictalurus punctatus,fillet,Skin off,tissue,"Mercury, Total",Average of Composites,0.089,ug/g ww,2005,2,37.66808,-121.83265,474,Some review needed,QACode:VH,9,0,
Surface Water Ambient Monitoring Program,SWAMP RWB2 Monitoring,RWB2 Lakes Sportfish Contamination Study 2004 2005,204AMO065,Shadow Cliffs Reservoir,NA,Common Carp,Cyprinus carpio,fillet,Skin off,tissue,"Mercury, Total",Average of Composites,0.1585,ug/g ww,2005,2,37.66808,-121.83265,743,Some review needed,QACode:VH,6,0,
Surface Water Ambient Monitoring Program,SWAMP RWB2 Monitoring,RWB2 Lakes Sportfish Contamination Study 2004 2005,204AMO065,Shadow Cliffs Reservoir,NA,Largemouth Bass,Micropterus salmoides,fillet,Skin off,tissue,"Mercury, Total",Average of Composites,0.543333,ug/g ww,2005,2,37.66808,-121.83265,388.08,Passed,,10,0,
Surface Water Ambient Monitoring Program,SWAMP Sportfish Contamination in Lakes and Resrv,Statewide Lakes Sportfish Contamination Study 2008,204PDV169,Lake del Valle,NA,Channel Catfish,Ictalurus punctatus,fillet,Skin off,tissue,"Mercury, Total",Average of Composites,0.222,ug/g ww,2008,2,37.58954,-121.71446,506.7,Passed,,10,0,
Surface Water Ambient Monitoring Program,SWAMP Sportfish Contamination in Lakes and Resrv,Statewide Lakes Sportfish Contamination Study 2008,204PSC113,Shadow Cliffs Reservoir_BOG,NA,Channel Catfish,Ictalurus punctatus,fillet,Skin off,tissue,"Mercury, Total",Average of Composites,0.1185,ug/g ww,2008,2,37.66963,-121.83581,489.2,Passed,,10,0,
Surface Water Ambient Monitoring Program,SWAMP Sportfish Contamination in Lakes and Resrv,SWB Long-Term Monitoring of Bass Lk_Res 2021,204PSC113,Shadow Cliffs Reservoir_BOG,NA,Channel Catfish,Ictalurus punctatus,fillet,Skin off,tissue,"Mercury, Total",Average of Composites,0.095,ug/g ww,2021,2,37.66963,-121.83581,569.6,Passed,,5,0,
Surface Water Ambient Monitoring Program,SWAMP RWB2 Monitoring,RWB2 Lakes Sportfish Contamination Study 2010,204SLE100,Lake Chabot,NA,Bluegill,Lepomis macrochirus,fillet,Skin off,tissue,"Mercury, Total",Average of Composites,0.101,ug/g ww,2010,2,37.72062,-122.10636,104.4,Passed,,10,0,
Surface Water Ambient Monitoring Program,SWAMP RWB2 Monitoring,RWB2 Lakes Sportfish Contamination Study 2004 2005,204SLE100,Lake Chabot,NA,Channel Catfish,Ictalurus punctatus,fillet,Skin off,tissue,"Mercury, Total",Average of Composites,0.0605,ug/g ww,2005,2,37.72062,-122.10636,493.82,Some review needed,QACode:J; ResultQualCode:DNQ,9,0,
Surface Water Ambient Monitoring Program,SWAMP RWB2 Monitoring,RWB2 Lakes Sportfish Contamination Study 2004 2005,204SLE100,Lake Chabot,NA,Goldfish,Carassius auratus,fillet,Skin off,tissue,"Mercury, Total",Average of Composites,0.383,ug/g ww,2005,2,37.72062,-122.10636,397.05,Passed,,9,0,
Surface Water Ambient Monitoring Program,SWAMP RWB2 Monitoring,RWB2 Lakes Sportfish Contamination Study 2010,204SLE100,Lake Chabot,NA,Green Sunfish,Lepomis cyanellus,fillet,Skin off,tissue,"Mercury, Total",Average of Composites,0.138,ug/g ww,2010,2,37.72062,-122.10636,127.2,Passed,,15,0,
Surface Water Ambient Monitoring Program,SWAMP RWB2 Monitoring,RWB2 Lakes Sportfish Contamination Study 2004 2005,204SLE100,Lake Chabot,NA,Rainbow Trout,Oncorhynchus mykiss,fillet,Skin off,tissue,"Mercury, Total",Average of Composites,0.0045,ug/g ww,2005,2,37.72062,-122.10636,316,Passed,,9,9,Calculation includes ND results
Surface Water Ambient Monitoring Program,SWAMP RWB2 Monitoring,RWB2 Lakes Sportfish Contamination Study 2004 2005,204SLE100,Lake Chabot,NA,Redear Sunfish,Lepomis microlophus,fillet,Skin off,tissue,"Mercury, Total",Average of Composites,0.155,ug/g ww,2005,2,37.72062,-122.10636,169.5,Passed,,6,0,
Surface Water Ambient Monitoring Program,SWAMP Sportfish Contamination in Lakes and Resrv,Statewide Lakes Sportfish Contamination Study 2007,204TC0514,Lake Chabot (San Leandro)_BOG,NA,Common Carp,Cyprinus carpio,fillet,Skin off,tissue,"Mercury, Total",Average of Composites,0.4145,ug/g ww,2007,2,37.72062,-122.10636,520.7,Passed,,10,0,
Surface Water Ambient Monitoring Program,SWAMP Sportfish Contamination in Lakes and Resrv,SWB Long-Term Monitoring of Bass Lk_Res 2019,204TC0514,Lake Chabot (San Leandro)_BOG,NA,Common Carp,Cyprinus carpio,fillet,Skin off,tissue,"Mercury, Total",Average of Composites,0.269,ug/g ww,2019,2,37.72062,-122.10636,472.2,Passed,,5,0,
Surface Water Ambient Monitoring Program,SWAMP Sportfish Contamination in Lakes and Resrv,SWB Long-Term Monitoring of Bass Lk_Res 2017,204TL0138,Upper San Leandro Reservoir,NA,Bluegill,Lepomis macrochirus,fillet,Skin off,tissue,"Mercury, Total",Average of Composites,0.2485,ug/g ww,2017,2,37.77606,-122.11748,265.4,Passed,,10,0,
Surface Water Ambient Monitoring Program,SWAMP Sportfish Contamination in Lakes and Resrv,Statewide Lakes Sportfish Contamination Study 2008,205PAL221,Almaden Lake,NA,Common Carp,Cyprinus carpio,fillet,Skin off,tissue,"Mercury, Total",Average of Composites,1.035,ug/g ww,2008,2,37.241,-121.87131,668.9,Passed,,10,0,
Surface Water Ambient Monitoring Program,SWAMP Sportfish Contamination in Lakes and Resrv,SWB Long-Term Monitoring of Bass Lk_Res 2017,204TL0138,Upper San Leandro Reservoir,NA,Redear Sunfish,Lepomis microlophus,fillet,Skin off,tissue,"Mercury, Total",Average of Composites,0.0985,ug/g ww,2017,2,37.77606,-122.11748,190.5,Passed,,10,0,
Surface Water Ambient Monitoring Program,SWAMP Sportfish Contamination in Lakes and Resrv,Statewide Lakes Sportfish Contamination Study 2007,204TU0318,Lago Los Osos,NA,Channel Catfish,Ictalurus punctatus,fillet,Skin off,tissue,"Mercury, Total",Average of Composites,0.012,ug/g ww,2007,2,37.56982,-121.99866,530,Passed,,2,0,
Surface Water Ambient Monitoring Program,SWAMP RWB2 Monitoring,RWB2 Lakes Sportfish Contamination Study 2004 2005,205COY500,Anderson Reservoir,NA,Bluegill,Lepomis macrochirus,fillet,Skin off,tissue,"Mercury, Total",Average of Composites,0.2785,ug/g ww,2005,2,37.16265,-121.61243,136,Passed,,20,0,
Surface Water Ambient Monitoring Program,SWAMP RWB2 Monitoring,RWB2 Lake Vasona Bioaccumulation Study 2011,205CPP002,Camden Percolation Pond across from Page Desilting Basin #2,NA,Common Carp,Cyprinus carpio,fillet,Skin off,tissue,"Mercury, Total",Average of Composites,0.0985,ug/g ww,2011,2,37.26474,-121.95236,771,Passed,,10,0,
Surface Water Ambient Monitoring Program,SWAMP RWB2 Monitoring,RWB2 Lake Vasona Bioaccumulation Study 2011,205CPP002,Camden Percolation Pond across from Page Desilting Basin #2,NA,Rainbow Trout,Oncorhynchus mykiss,fillet,Skin off,tissue,"Mercury, Total",Average of Composites,0.02,ug/g ww,2011,2,37.26474,-121.95236,338.02,Some review needed,ResultQualCode:DNQ,9,0,
Surface Water Ambient Monitoring Program,SWAMP RWB2 Monitoring,RWB2 Lake Vasona Bioaccumulation Study 2011,205CPP003,Camden Percolation Pond below Los Gatos Creek Park #3,NA,Bluegill,Lepomis macrochirus,fillet,Skin off,tissue,"Mercury, Total",Average of Composites,0.116,ug/g ww,2011,2,37.26696,-121.95138,129.5,Passed,,10,0,
Surface Water Ambient Monitoring Program,SWAMP RWB2 Monitoring,RWB2 Lake Vasona Bioaccumulation Study 2011,205CPP003,Camden Percolation Pond below Los Gatos Creek Park #3,NA,Common Carp,Cyprinus carpio,fillet,Skin off,tissue,"Mercury, Total",Average of Composites,0.0605,ug/g ww,2011,2,37.26696,-121.95138,469.8,Some review needed,ResultQualCode:DNQ,10,0,
Surface Water Ambient Monitoring Program,SWAMP RWB2 Monitoring,RWB2 Lakes Sportfish Contamination Study 2004 2005,205LSG150,Lexington Reservoir,NA,Bluegill,Lepomis macrochirus,fillet,Skin off,tissue,"Mercury, Total",Average of Composites,0.1425,ug/g ww,2004,2,37.17349,-121.9856,156.32,Some review needed,QACode:VH,8,0,
Surface Water Ambient Monitoring Program,SWAMP RWB2 Monitoring,RWB2 Lakes Sportfish Contamination Study 2004 2005,205LSG150,Lexington Reservoir,NA,Bluegill,Lepomis macrochirus,fillet,Skin off,tissue,"Mercury, Total",Average of Composites,0.147,ug/g ww,2005,2,37.17349,-121.9856,169.8,Some review needed,QACode:VH,3,0,
Surface Water Ambient Monitoring Program,SWAMP RWB2 Monitoring,RWB2 Lakes Sportfish Contamination Study 2004 2005,205LSG150,Lexington Reservoir,NA,Pumpkinseed,Lepomis gibbosus,fillet,Skin off,tissue,"Mercury, Total",Average of Composites,0.2545,ug/g ww,2004,2,37.17349,-121.9856,156.8,Some review needed,QACode:VH,3,0,
Surface Water Ambient Monitoring Program,SWAMP RWB2 Monitoring,RWB2 Lakes Sportfish Contamination Study 2004 2005,205LSG150,Lexington Reservoir,NA,Channel Catfish,Ictalurus punctatus,fillet,Skin off,tissue,"Mercury, Total",Average of Composites,0.365,ug/g ww,2004,2,37.17349,-121.9856,628.5,Some review needed,QACode:VH,1,0,
Surface Water Ambient Monitoring Program,SWAMP RWB2 Monitoring,RWB2 Lakes Sportfish Contamination Study 2004 2005,205LSG150,Lexington Reservoir,NA,Channel Catfish,Ictalurus punctatus,fillet,Skin off,tissue,"Mercury, Total",Average of Composites,0.365,ug/g ww,2005,2,37.17349,-121.9856,628.5,Some review needed,QACode:VH,1,0,
Surface Water Ambient Monitoring Program,SWAMP RWB2 Monitoring,RWB2 Lakes Sportfish Contamination Study 2004 2005,205LSG150,Lexington Reservoir,NA,Pumpkinseed,Lepomis gibbosus,fillet,Skin off,tissue,"Mercury, Total",Average of Composites,0.2545,ug/g ww,2005,2,37.17349,-121.9856,156.8,Some review needed,QACode:VH,6,0,
Surface Water Ambient Monitoring Program,SWAMP RWB2 Monitoring,RWB2 Lakes Sportfish Contamination Study 2004 2005,205LSG150,Lexington Reservoir,NA,Rainbow Trout,Oncorhynchus mykiss,fillet,Skin off,tissue,"Mercury, Total",Average of Composites,0.019,ug/g ww,2005,2,37.17349,-121.9856,308.27,Some review needed,QACode:J; ResultQualCode:DNQ,9,0,
Surface Water Ambient Monitoring Program,SWAMP Sportfish Contamination in Lakes and Resrv,Statewide Lakes Sportfish Contamination Study 2007,205PAD016,Anderson Lake_BOG,NA,Common Carp,Cyprinus carpio,fillet,Skin off,tissue,"Mercury, Total",Average of Composites,0.416,ug/g ww,2007,2,37.16265,-121.61243,501.9,Passed,,10,0,
Surface Water Ambient Monitoring Program,SWAMP Sportfish Contamination in Lakes and Resrv,SWB Monitoring of Lk_Res 2016,205PCL212,Coyote Lake,NA,Black Crappie,Pomoxis nigromaculatus,fillet,Skin off,tissue,"Mercury, Total",Average of Composites,0.338,ug/g ww,2016,2,37.09221,-121.53711,245.6,Passed,,5,0,
Surface Water Ambient Monitoring Program,SWAMP Sportfish Contamination in Lakes and Resrv,SWB Long-Term Monitoring of Bass Lk_Res 2017,205PCL212,Coyote Lake,NA,Black Crappie,Pomoxis nigromaculatus,fillet,Skin off,tissue,"Mercury, Total",Average of Composites,0.195,ug/g ww,2017,2,37.09221,-121.53711,157.5,Passed,,9,0,
Surface Water Ambient Monitoring Program,SWAMP Sportfish Contamination in Lakes and Resrv,SWB Monitoring of Lk_Res 2016,205PCL212,Coyote Lake,NA,Bluegill,Lepomis macrochirus,fillet,Skin off,tissue,"Mercury, Total",Average of Composites,0.191,ug/g ww,2016,2,37.09221,-121.53711,158,Passed,,10,0,
Surface Water Ambient Monitoring Program,SWAMP Sportfish Contamination in Lakes and Resrv,SWB Long-Term Monitoring of Bass Lk_Res 2017,205PCL212,Coyote Lake,NA,Bluegill,Lepomis macrochirus,fillet,Skin off,tissue,"Mercury, Total",Average of Composites,0.2125,ug/g ww,2017,2,37.09221,-121.53711,151.1,Passed,,10,0,
Surface Water Ambient Monitoring Program,SWAMP Sportfish Contamination in Lakes and Resrv,Statewide Lakes Sportfish Contamination Study 2008,205PCL212,Coyote Lake,NA,Common Carp,Cyprinus carpio,fillet,Skin off,tissue,"Mercury, Total",Average of Composites,0.408,ug/g ww,2008,2,37.09221,-121.53711,635,Passed,,10,0,
Surface Water Ambient Monitoring Program,SWAMP Sportfish Contamination in Lakes and Resrv,SWB Monitoring of Lk_Res 2016,205PCL212,Coyote Lake,NA,Common Carp,Cyprinus carpio,fillet,Skin off,tissue,"Mercury, Total",Average of Composites,0.2725,ug/g ww,2016,2,37.09221,-121.53711,597.6,Passed,,10,0,
Surface Water Ambient Monitoring Program,SWAMP RWB2 Monitoring,RWB2 Lake Vasona Bioaccumulation Study 2011,205PLV218,Lake Vasona,NA,Bluegill,Lepomis macrochirus,fillet,Skin off,tissue,"Mercury, Total",Average of Composites,0.1025,ug/g ww,2011,2,37.2439,-121.96902,135.5,Passed,,10,0,
Surface Water Ambient Monitoring Program,SWAMP RWB2 Monitoring,RWB2 Lake Vasona Bioaccumulation Study 2011,205PLV218,Lake Vasona,NA,Channel Catfish,Ictalurus punctatus,fillet,Skin off,tissue,"Mercury, Total",Average of Composites,0.1605,ug/g ww,2011,2,37.2439,-121.96902,560.6,Passed,,10,0,
Surface Water Ambient Monitoring Program,SWAMP Sportfish Contamination in Lakes and Resrv,Statewide Lakes Sportfish Contamination Study 2008,205PLC222,Lake Cunningham,NA,Common Carp,Cyprinus carpio,fillet,Skin off,tissue,"Mercury, Total",Average of Composites,0.0935,ug/g ww,2008,2,37.33573,-121.80811,690.4,Passed,,10,0,
Surface Water Ambient Monitoring Program,SWAMP Sportfish Contamination in Lakes and Resrv,Statewide Lakes Sportfish Contamination Study 2008,205PLE219,Lake Elizabeth,NA,Common Carp,Cyprinus carpio,fillet,Skin off,tissue,"Mercury, Total",Average of Composites,0.149,ug/g ww,2008,2,37.5482,-121.96174,647.8,Passed,,10,0,
Surface Water Ambient Monitoring Program,SWAMP Sportfish Contamination in Lakes and Resrv,Statewide Lakes Sportfish Contamination Study 2008,205PLV218,Lake Vasona,NA,Common Carp,Cyprinus carpio,fillet,Skin off,tissue,"Mercury, Total",Average of Composites,0.057,ug/g ww,2008,2,37.2439,-121.96902,590.8,Passed,,10,0,
Surface Water Ambient Monitoring Program,SWAMP RWB2 Monitoring,RWB2 Lake Vasona Bioaccumulation Study 2011,205PLV218,Lake Vasona,NA,Common Carp,Cyprinus carpio,fillet,Skin off,tissue,"Mercury, Total",Average of Composites,0.108,ug/g ww,2011,2,37.2439,-121.96902,629.2,Passed,,10,0,
Surface Water Ambient Monitoring Program,SWAMP Sportfish Contamination in Lakes and Resrv,SWB Long-Term Monitoring of Bass Lk_Res 2015,205PLV218,Lake Vasona,NA,Common Carp,Cyprinus carpio,fillet,Skin off,tissue,"Mercury, Total",Average of Composites,0.042,ug/g ww,2015,2,37.2439,-121.96902,587.4,Passed,,10,0,
Surface Water Ambient Monitoring Program,SWAMP RWB2 Monitoring,RWB2 Lake Vasona Bioaccumulation Study 2011,205PLV218,Lake Vasona,NA,Goldfish,Carassius auratus,fillet,Skin off,tissue,"Mercury, Total",Average of Composites,0.101,ug/g ww,2011,2,37.2439,-121.96902,402.67,Passed,,3,0,
Surface Water Ambient Monitoring Program,SWAMP Sportfish Contamination in Lakes and Resrv,SWB Long-Term Monitoring of Bass Lk_Res 2019,205PSC048,Stevens Creek Reservoir,NA,Channel Catfish,Ictalurus punctatus,fillet,Skin off,tissue,"Mercury, Total",Average of Composites,1,ug/g ww,2019,2,37.2958,-122.0789,627.5,Passed,,2,0,
Surface Water Ambient Monitoring Program,SWAMP Sportfish Contamination in Lakes and Resrv,Statewide Lakes Sportfish Contamination Study 2007,205PSC048,Stevens Creek Reservoir,NA,Common Carp,Cyprinus carpio,fillet,Skin off,tissue,"Mercury, Total",Average of Composites,0.306,ug/g ww,2007,2,37.2958,-122.0789,603.9,Passed,,10,0,
Surface Water Ambient Monitoring Program,SWAMP Sportfish Contamination in Lakes and Resrv,Statewide Lakes Sportfish Contamination Study 2007,205TU0132,Oiger Quarry Ponds,NA,Sacramento Sucker,Catostomus occidentalis,fillet,Skin off,tissue,"Mercury, Total",Average of Composites,0.2855,ug/g ww,2007,2,37.18304,-121.69343,437.4,Passed,,10,0,
Surface Water Ambient Monitoring Program,SWAMP Sportfish Contamination in Lakes and Resrv,SWB Long-Term Monitoring of Bass Lk_Res 2021,206PLC157,Lake Chabot (Vallejo),NA,Bluegill,Lepomis macrochirus,fillet,Skin off,tissue,"Mercury, Total",Average of Composites,0.0785,ug/g ww,2021,2,38.13618,-122.23565,140.4,Some review needed,"BatchVerification:VAC,VMD; QACode:H",10,0,
Surface Water Ambient Monitoring Program,SWAMP Sportfish Contamination in Lakes and Resrv,Statewide Lakes Sportfish Contamination Study 2007,206PLC157,Lake Chabot (Vallejo),NA,Common Carp,Cyprinus carpio,fillet,Skin off,tissue,"Mercury, Total",Average of Composites,0.139,ug/g ww,2007,2,38.13618,-122.23565,643.9,Passed,,10,0,
Surface Water Ambient Monitoring Program,SWAMP Sportfish Contamination in Lakes and Resrv,Statewide Lakes Sportfish Contamination Study 2007,206PSP205,San Pablo Reservoir,NA,Common Carp,Cyprinus carpio,fillet,Skin off,tissue,"Mercury, Total",Average of Composites,0.131,ug/g ww,2007,2,37.92298363,-122.237903,503.2,Passed,,9,0,
Surface Water Ambient Monitoring Program,SWAMP Sportfish Contamination in Lakes and Resrv,SWB Long-Term Monitoring of Bass Lk_Res 2023,206PSP205,San Pablo Reservoir,NA,Common Carp,Cyprinus carpio,fillet,Skin off,tissue,"Mercury, Total",Average of Composites,0.362,ug/g ww,2023,2,37.92298363,-122.237903,554.6,Passed,,5,0,
Surface Water Ambient Monitoring Program,SWAMP Sportfish Contamination in Lakes and Resrv,SWB Monitoring of Lk_Res 2016,206STAFLK,Stafford Lake,NA,Redear Sunfish,Lepomis microlophus,fillet,Skin off,tissue,"Mercury, Total",Average of Composites,0.1345,ug/g ww,2016,2,38.11392,-122.64416,210.7,Passed,,10,0,
Surface Water Ambient Monitoring Program,SWAMP Sportfish Contamination in Lakes and Resrv,Statewide Lakes Sportfish Contamination Study 2008,207PLF001,Lafayette Reservoir_BOG,NA,Channel Catfish,Ictalurus punctatus,fillet,Skin off,tissue,"Mercury, Total",Average of Composites,0.074,ug/g ww,2008,2,37.88237,-122.14128,497.5,Passed,,10,0,
Surface Water Ambient Monitoring Program,SWAMP Sportfish Contamination in Lakes and Resrv,Statewide Lakes Sportfish Contamination Study 2007,207TM0194,Lake Madigan,NA,Bluegill,Lepomis macrochirus,fillet,Skin off,tissue,"Mercury, Total",Average of Composites,0.103,ug/g ww,2007,2,38.30934,-122.19492,144.9,Passed,,10,0,
Surface Water Ambient Monitoring Program,SWAMP RWB2 Monitoring,RWB2 Lakes Sportfish Contamination Study 2004 2005,207WAL500,Lafayette Reservoir,NA,Bluegill,Lepomis macrochirus,fillet,Skin off,tissue,"Mercury, Total",Average of Composites,0.0765,ug/g ww,2005,2,37.88063,-122.13507,141.08,Passed,,12,0,
Surface Water Ambient Monitoring Program,SWAMP RWB2 Monitoring,RWB2 Lakes Sportfish Contamination Study 2004 2005,207WAL500,Lafayette Reservoir,NA,Channel Catfish,Ictalurus punctatus,fillet,Skin off,tissue,"Mercury, Total",Average of Composites,0.0195,ug/g ww,2005,2,37.88063,-122.13507,452.52,Some review needed,"QACode:J,VH; ResultQualCode:DNQ",12,0,
Surface Water Ambient Monitoring Program,SWAMP RWB2 Monitoring,RWB2 Lakes Sportfish Contamination Study 2004 2005,207WAL500,Lafayette Reservoir,NA,Channel Catfish,Ictalurus punctatus,fillet,Skin off,tissue,"Mercury, Total",Average of Composites,0.017,ug/g ww,2004,2,37.88063,-122.13507,433.71,Some review needed,"QACode:J,VH; ResultQualCode:DNQ",1,0,
Surface Water Ambient Monitoring Program,SWAMP RWB2 Monitoring,RWB2 Lakes Sportfish Contamination Study 2004 2005,207WAL500,Lafayette Reservoir,NA,Goldfish,Carassius auratus,fillet,Skin off,tissue,"Mercury, Total",Average of Composites,0.437,ug/g ww,2004,2,37.88063,-122.13507,414,Some review needed,QACode:VH,4,0,
Surface Water Ambient Monitoring Program,SWAMP RWB2 Monitoring,RWB2 Lakes Sportfish Contamination Study 2004 2005,207WAL500,Lafayette Reservoir,NA,Goldfish,Carassius auratus,fillet,Skin off,tissue,"Mercury, Total",Average of Composites,0.437,ug/g ww,2005,2,37.88063,-122.13507,414,Some review needed,QACode:VH,6,0,
Surface Water Ambient Monitoring Program,SWAMP RWB2 Monitoring,RWB2 Lakes Sportfish Contamination Study 2004 2005,207WAL500,Lafayette Reservoir,NA,Rainbow Trout,Oncorhynchus mykiss,fillet,Skin off,tissue,"Mercury, Total",Average of Composites,0.0215,ug/g ww,2004,2,37.88063,-122.13507,426.04,Some review needed,"QACode:J,VH; ResultQualCode:DNQ",10,0,
Surface Water Ambient Monitoring Program,SWAMP RWB2 Monitoring,RWB2 Lakes Sportfish Contamination Study 2004 2005,207WAL500,Lafayette Reservoir,NA,Sacramento Blackfish,Orthodon microlepidotus,fillet,Skin off,tissue,"Mercury, Total",Average of Composites,0.608,ug/g ww,2005,2,37.88063,-122.13507,488.5,Passed,,2,0,